,Artist,Title,emotion
0,Lauren Daigle,You Say ,calm
1,The Staves,Nothing's Gonna Happen,calm
2,The War On Drugs,Living Proof,calm
3,Foy Vance,Sapling,calm
4,Birdy,Surrender,calm
5,SYML,Symmetry,calm
6,"William Orbit, Polly Scattergood",Colours Colliding,calm
7,JC Stewart,Break My Heart ,calm
8,J√≥nsi,Exhale,calm
9,Shaefri,Say You'll Be There ,calm
10,Maisie Peters,Feels Like This,calm
11,RY X,Berlin,calm
12,Patricia Lalor,13th of January,calm
13,Abraham Marder,Green,calm
14,EVER,Counting Flowers,calm
15,SYML,Where's My Love,calm
16,Garrett Kato,Distant Land,calm
17,JFDR,Shimmer,calm
18,L√âON,Head And Heart On Fire,calm
19,Birdy,Loneliness,calm
20,The Staves,Nazareth,calm
21,Ben Howard,Promise,calm
22,Sufjan Stevens,Mystery of Love,calm
23,Jasmine Thompson,loyal,calm
24,Alice Boman,Waiting,calm
25,Clara Mae,Loved You Once,calm
26,Delmer Darion,Television,calm
27,Sam Ryder,Whirlwind,calm
28,Beta Radio,Our Remains,calm
29,Damien Rice,The Blower's Daughter,calm
30,The Low Anthem,Charlie Darwin,calm
31,The Paper Kites,Arms,calm
32,Christina Perri,A Thousand Years,calm
33,The Staves,Make It Holy,calm
34,Coldplay,We Never Change,calm
35,Wilco,Please Be Patient with Me,calm
36,"Frightened Rabbit, Julien Baker",How It Gets In (feat. Julien Baker),calm
37,Birdy,Skinny Love,calm
38,Harrison Storm,Sense of Home,calm
39,Olivia Chaney,IOU,calm
40,Florist,Glowing Brightly,calm
41,L√âON,Come Home To Me,calm
42,Maisie Peters,Birthday,calm
43,Linying,Self Control,calm
44,Dua Lipa,Homesick,calm
45,Dan Caplen,Love Me the Same,calm
46,Yore,Desperate Measures,calm
47,Sturgill Simpson,Breakers Roar,calm
48,Finn Andrews,My Lotus Flower & Me,calm
49,Monica Heldal,Follow You Anywhere,calm
50,Mountain Man,Baby Where You Are,calm
51,Johanna Warren,Black Moss,calm
52,Dido,Give You Up,calm
53,Neil Young,Heart of Gold - 2009 Remaster,calm
54,RY X,YaYaYa,calm
55,The Sweeplings,Across the Sea,calm
56,Rosemary & Garlic,Old Now,calm
57,Aisha Badru,Waiting Around - Acoustic,calm
58,Lake Street Dive,I Can Change,calm
59,Mountain Man,"Take Me Home, Country Roads",calm
60,The Low Anthem,To Ohio,calm
61,Brandi Carlile,Every Time I Hear That Song,calm
62,Brett Dennen,Where We Left Off,calm
63,Jeff Tweedy,In A Future Age,calm
64,Old Sea Brigade,Tidal Wave ,calm
65,Aisha Badru,Bridges ,calm
66,Gem Club,Twins,calm
67,Ben Platt,Grow As We Go,calm
68,Charlie Cunningham,Headlights,calm
69,Matt Maeson,I Just Don't Care That Much - Stripped,calm
70,Winnie Raeder,Don't You Dare,calm
71,Meadowlark,May I Have This Dance,calm
72,"The Staves, yMusic",Trouble on My Mind,calm
73,Lomelda,Bust,calm
74,The Woodlands,Sudden Love - Acoustic,calm
75,Eddie Berman,Untamed,calm
76,Mahalia,Grateful,calm
77,Sam Amidon,I Wish I Wish,calm
78,Quiet Arrows,Find a Way,calm
79,RY X,Body Sun,calm
80,Lights,Same Sea,calm
81,The Staves,I'm on Fire,calm
82,Birdy,Not About Angels,calm
83,Devendra Banhart,Middle Names,calm
84,Lianne La Havas,Wonderful - Solo,calm
85,Damien Rice,9 Crimes,calm
86,Wilco,The Lonely 1,calm
87,Brent Cobb,Shine On Rainy Day,calm
88,Eminem,Walk on Water,calm
89,Eminem,Not Afraid,calm
90,Eminem,Sing for the Moment,calm
91,Eminem,Infinite,calm
92,Eminem,So Far...,calm
93,Eminem,Normal,calm
94,Eminem,8 Mile,calm
95,Eminem,8 Mile: Lotto vs B-Rabbit,calm
96,Eminem,8 Mile: Lyckety-Splyt vs B-Rabbit,calm
97,Eminem,Talkin‚Äô 2 Myself,calm
98,Eminem,Under the Influence,calm
99,Eminem,Underground,calm
100,Eminem,Book of Rhymes,calm
101,Eminem,Untitled,calm
102,Eminem,Don‚Äôt Front,calm
103,Eminem,Hello,calm
104,Eminem,Must Be the Ganja,calm
105,Eminem,Elevator,calm
106,Eminem,Revival (Interlude),calm
107,Eminem,Lose Yourself (Original Demo Version),calm
108,Eminem,Session One,calm
109,Eminem,Alfred (Interlude),calm
110,Eminem,It‚Äôs O.K.,calm
111,Eminem,Bad Influence,calm
112,Eminem,Weed Lacer,calm
113,Eminem,Greg,calm
114,Eminem,8 Mile Background Music,calm
115,Eminem,Our House,calm
116,Eminem,Intro (Curtain Call),calm
117,Eminem,Alfred (Intro),calm
118,Eminem,50 Ways,calm
119,Eminem,W.E.G.O. (Interlude),calm
120,Eminem,8 Mile: D‚ÄôPhuzion vs B-Rabbit,calm
121,Eminem,Thus Far (Interlude),calm
122,Eminem,8 Mile: Lily‚Äôs Lullaby,calm
123,Eminem,God Is Cleaning Out My Closet,calm
124,Eminem,Eminem‚Äôs Tattoos,calm
125,Eminem,Whether or Not,calm
126,Eminem,Infinite (F.B.T. Remix),calm
127,Eminem,1999,calm
128,Eminem,The Way I Am (Danny Lohner Remix),calm
129,Eminem,‚Äô97 Blazer,calm
130,Eminem,Ghost Stories,calm
131,Eminem,Lose Yourself (Drum & Bass Remix),calm
132,Eminem,What Colour Is Soul,calm
133,Eminem,Don‚Äôt Chew With Your Mouth Full,calm
134,Eminem,"Eminem, Paul Rosenberg Intro",calm
135,Eminem,"Open Mic Feb. 17, 1996",calm
136,Eminem,Ode To Detroit,calm
137,Eminem,Don‚Äôt Call Me Marshall (Intro),calm
138,Eminem,Hot 100 Chart History,calm
139,Eminem,Lose Yourself (Live at the 92nd Academy Awards),calm
140,Eminem,Eminem Full Discography,calm
141,Eminem,Cannon for nick,calm
142,Eminem,Rolling Stone Q/A Exclusive 2013,calm
143,Eminem,NOT KEYS TO THE CITY,calm
144,Eminem,Ghost,calm
145,Eminem,One Chance,calm
146,Eminem,I‚Äôm A Ghost,calm
147,Eminem,Public Service Announcement 2013,calm
148,Justin Bieber,Love Yourself,calm
149,Justin Bieber,I‚Äôll Show You,calm
150,Justin Bieber,Company,calm
151,Justin Bieber,No Pressure,calm
152,Justin Bieber,Habitual,calm
153,Justin Bieber,All Around Me,calm
154,Justin Bieber,Be Alright,calm
155,Justin Bieber,Get Used to It,calm
156,Justin Bieber,Trust,calm
157,Justin Bieber,One Life,calm
158,Justin Bieber,Available,calm
159,Justin Bieber,Roller Coaster,calm
160,Justin Bieber,Pray,calm
161,Justin Bieber,Christmas Eve,calm
162,Justin Bieber,It‚Äôs All Gonna Be Okay,calm
163,Justin Bieber,Yellow Raincoat,calm
164,Justin Bieber,Oxygen,calm
165,Justin Bieber,Angels Speak Like This,calm
166,Justin Bieber,The Intro,calm
167,Justin Bieber,Long Way Home,calm
168,Justin Bieber,Bigger,calm
169,Justin Bieber,Christmas Love,calm
170,Justin Bieber,The Christmas Song (Chestnuts Roasting on An Open Fire),calm
171,Justin Bieber,Instagram of Batman Vs. Superman Script,calm
172,Justin Bieber,Celebrities Counting Down To ‚ÄúWhat Do You Mean?‚Äù,calm
173,Justin Bieber,Patient,calm
174,Justin Bieber,Just Like Them,calm
175,Justin Bieber,Be Alright (Acoustic),calm
176,Justin Bieber,Justin Bieber‚Äôs Tattoos,calm
177,Justin Bieber,Beauty and a Beat (Acoustic),calm
178,Justin Bieber,Look At The Stars,calm
179,Justin Bieber,Silent Night,calm
180,Justin Bieber,Blend,calm
181,Justin Bieber,Home This Christmas,calm
182,Justin Bieber,Turn to You (Mother‚Äôs Day Dedication),calm
183,Justin Bieber,Someday At Christmas,calm
184,Justin Bieber,All Around the World (Acoustic),calm
185,Justin Bieber,Blowin‚Äô In The Wind*,calm
186,Justin Bieber,Wash Away,calm
187,Justin Bieber,Never Say Never (Acoustic),calm
188,Justin Bieber,What Do You Mean? (Acoustic),calm
189,Justin Bieber,Down to Earth (Acoustic),calm
190,Justin Bieber,Antidepressant,calm
191,Justin Bieber,Trust Me,calm
192,Justin Bieber,U Smile (Acoustic),calm
193,Justin Bieber,For Sure,calm
194,Justin Bieber,Let It Be (Cover),calm
195,Justin Bieber,Set A Place At Your Table,calm
196,Lady Gaga,Just Another Day,calm
197,Lady Gaga,Red and Blue,calm
198,Lady Gaga,Living on the Radio,calm
199,Lady Gaga,Sire,calm
200,Lady Gaga,Ribbons,calm
201,Lady Gaga,Changing Skies,calm
202,Lady Gaga,Deep Blue,calm
203,Lady Gaga,Gaze,calm
204,Lady Gaga,Imagine,calm
205,Lady Gaga,Reel Cool,calm
206,Lady Gaga,Feels So Good*,calm
207,Lady Gaga,Chances*,calm
208,Lady Gaga,Chromatica 1 (Concept),calm
209,Lady Gaga,Optimist,calm
210,Lady Gaga,LG6 SONG,calm
211,Lady Gaga,Crystal Paint,calm
212,Lady Gaga,Fountain Of Truth,calm
213,Lady Gaga,Weather Girl (Demo),calm
214,Lady Gaga,ROOM 06,calm
215,Lady Gaga,Prelude to Exodus,calm
216,Lady Gaga,Lady Gaga takes tea with Mr Fry,calm
217,Lady Gaga,To Be Announced,calm
218,Lady Gaga,Orlando speech,calm
219,Lady Gaga,Are you friendly with her?,calm
220,Maroon 5,Wait,calm
221,Maroon 5,Sunday Morning,calm
222,Maroon 5,Nobody‚Äôs Love,calm
223,Maroon 5,Daylight,calm
224,Maroon 5,Who I Am,calm
225,Maroon 5,Wait (Remix),calm
226,Maroon 5,Closure,calm
227,Maroon 5,Feelings,calm
228,Maroon 5,Denim Jacket,calm
229,Maroon 5,Secret,calm
230,Maroon 5,Goodnight Goodnight,calm
231,Maroon 5,The Sun,calm
232,Maroon 5,Leaving California,calm
233,Maroon 5,How,calm
234,Maroon 5,Come Away to the Water,calm
235,Maroon 5,The Air That I Breathe (iTunes Exclusive),calm
236,Maroon 5,Wait (Chromeo Remix),calm
237,Maroon 5,Pure Imagination,calm
238,Maroon 5,The Sun (Alternate Mix),calm
239,Maroon 5,The Sun (Demo),calm
240,Maroon 5,Memories (Cut Copy Remix),calm
241,Maroon 5,The sun - acoustic,calm
242,Maroon 5,Pure Imagination (2009 Version),calm
243,Nicki Minaj,Sir,calm
244,Nicki Minaj,Inspirations Outro,calm
245,Nicki Minaj,Young Forever,calm
246,Nicki Minaj,Automatic,calm
247,Nicki Minaj,Keys Under Palm Trees,calm
248,Nicki Minaj,25 Things You Don't Know About Me,calm
249,Nicki Minaj,Good Luck,calm
250,Nicki Minaj,Dilly Dally,calm
251,Nicki Minaj,Ease Up,calm
252,Nicki Minaj,Nicki Minaj Discography,calm
253,Nicki Minaj,Zonin',calm
254,Nicki Minaj,Intro,calm
255,Nicki Minaj,Nicki Minaj Speaks,calm
256,Nicki Minaj,Nicki Minaj Speaks #2,calm
257,Nicki Minaj,Nicki Minaj Speaks #3,calm
258,Nicki Minaj,Outro,calm
259,Nicki Minaj,President Carter Speaks,calm
260,Nicki Minaj,I Just Borrow,calm
261,Nicki Minaj,Feel Free,calm
262,Nicki Minaj,Brief & Beautiful,calm
263,Nicki Minaj,Perfect Day,calm
264,Nicki Minaj,Queen Radio Archive,calm
265,Nicki Minaj,Tagliati I Capelli,calm
266,Nicki Minaj,Nicki Minaj Speaks (Jae Millz),calm
267,Nicki Minaj,Finale,calm
268,Post Malone,Go Flex,calm
269,Post Malone,Internet,calm
270,Post Malone,Spaceships on Sunsets,calm
271,Post Malone,Stoned,calm
272,Post Malone,No Reason (Version 2),calm
273,Post Malone,Overtones,calm
274,Post Malone,Japanese,calm
275,Post Malone,Another Cup,calm
276,Post Malone,Santa Fe,calm
277,Post Malone,Honest,calm
278,Post Malone,Whatever,calm
279,Post Malone,Guacamole Carpet,calm
280,Post Malone,Stoned (Diplo Remix),calm
281,Post Malone,In The Air,calm
282,Post Malone,Post Malone's Tattoos,calm
283,Post Malone,Rooftops,calm
284,Post Malone,Untitled Leon Thomas III Collab*,calm
285,Selena Gomez,Bad Liar,calm
286,Selena Gomez,Let Me Get Me,calm
287,Selena Gomez,She,calm
288,Selena Gomez,Cologne,calm
289,Selena Gomez,Kill Em With Kindness (Acoustic),calm
290,Selena Gomez,Out Of My Head,calm
291,Selena Gomez,Magical,calm
292,Selena Gomez,A Year Without Rain (Dave Audio Radio Remix),calm
293,Selena Gomez,Trust In Me,calm
294,Selena Gomez,Great Escape,calm
295,Selena Gomez,Back to You (Anki Remix),calm
296,Selena Gomez,Hope For Love,calm
297,Selena Gomez,My World,calm
298,Selena Gomez,Wildest dreams,calm
299,Selena Gomez,De una vez psrsian English,calm
300,Taylor Swift,invisible string,calm
301,Taylor Swift,Delicate,calm
302,Taylor Swift,Call It What You Want,calm
303,Taylor Swift,seven,calm
304,Taylor Swift,evermore,calm
305,Taylor Swift,peace,calm
306,Taylor Swift,mirrorball,calm
307,Taylor Swift,Cornelia Street,calm
308,Taylor Swift,Daylight,calm
309,Taylor Swift,the lakes,calm
310,Taylor Swift,New Year's Day,calm
311,Taylor Swift,dorothea,calm
312,Taylor Swift,Clean,calm
313,Taylor Swift,It's Nice to Have a Friend,calm
314,Taylor Swift,Safe & Sound,calm
315,Taylor Swift,If You're Anything Like Me [Poem],calm
316,Taylor Swift,Untouchable,calm
317,Taylor Swift,Unreleased Songs [Discography List],calm
318,Taylor Swift,A Place In This World,calm
319,Taylor Swift,Sweet Tea and God's Graces,calm
320,Taylor Swift,Clean Speeches,calm
321,Taylor Swift,Silent Night,calm
322,Taylor Swift,White Christmas,calm
323,Taylor Swift,Never Mind,calm
324,Taylor Swift,Delicate Speeches,calm
325,Taylor Swift,30 Things I Learned Before Turning 30,calm
326,Taylor Swift,The Diary of Me,calm
327,Taylor Swift,Welcome Distraction,calm
328,Taylor Swift,You Don't Have To Call  Me,calm
329,Taylor Swift,The Trick to Holding On [Poem],calm
330,Taylor Swift,Your Anything,calm
331,Taylor Swift,All Night Diner,calm
332,Taylor Swift,Am I Ready for Love,calm
333,Taylor Swift,Tell Me,calm
334,Taylor Swift,Folklore [Foreword],calm
335,Taylor Swift,Monologue Song (La La La),calm
336,Taylor Swift,cardigan (cabin in candlelight version),calm
337,Taylor Swift,The Making Of A Song - Gorgeous',calm
338,Taylor Swift,Writing Songs About You,calm
339,Taylor Swift,Just South of Knowing Why,calm
340,Taylor Swift,Ten Dollars And A Six Pack,calm
341,Taylor Swift,Smokey Black Nights,calm
342,Taylor Swift,Better Off,calm
343,Taylor Swift,Gracie,calm
344,Taylor Swift,A Place In This World (Live from SoHo),calm
345,Taylor Swift,My Turn To Be Me,calm
346,Taylor Swift,The Future of Music Is a Love Story,calm
347,Taylor Swift,You Do,calm
348,Taylor Swift,My Cure,calm
349,Taylor Swift,Firefly,calm
350,Taylor Swift,Honey Baby,calm
351,Taylor Swift,Riptide,calm
352,Taylor Swift,Breathless,calm
353,Taylor Swift,What To Wear,calm
354,Taylor Swift,Closest To A Cowboy,calm
355,Taylor Swift,Point of View,calm
356,Taylor Swift,Who I've Always Been,calm
357,Taylor Swift,That's Life,calm
358,Taylor Swift,I Used To Fly,calm
359,Taylor Swift,I Forgot That You Existed (Piano/Vocal),calm
360,Taylor Swift,Nothin' New,calm
361,Taylor Swift,Mandolin,calm
362,Taylor Swift,I'm Looking Out For You,calm
363,Taylor Swift,Rain Song,calm
364,Taylor Swift,This Here Guitar,calm
365,Taylor Swift,Clean/Long Live/New Year's Day,calm
366,Taylor Swift,Cornelia Street (Live from Paris),calm
367,Taylor Swift,Daylight (Live from Paris),calm
368,Taylor Swift,the lakes (the long pond studio sessions),calm
369,Taylor Swift,mirrorball (the long pond studio sessions),calm
370,Taylor Swift,invisible string (the long pond studio sessions),calm
371,Taylor Swift,peace (the long pond studio sessions),calm
372,Taylor Swift,Untouchable (Live from Clear  Channel Stripped 2008),calm
373,Taylor Swift,Find you,calm
374,Lady Gaga,"Retro, Dance, Freak",joy
375,Post Malone,Git Wit U,joy
376,Selena Gomez,Praise You,joy
377,Selena Gomez,Bidi Bidi Bom Bom,joy
378,Nicki Minaj,Beam Me Up Scotty,joy
379,Selena Gomez,Birthday,joy
380,Justin Bieber,Love Me,joy
381,Eminem,Shake That,joy
382,Maroon 5,New Love,joy
383,Selena Gomez,Souvenir,joy
384,Eminem,2012 Something From Nothing: Art of Rap Freestyle,joy
385,Justin Bieber,What‚Äôs Hatnin‚Äô,joy
386,Lady Gaga,Orange Colored Sky (Live),joy
387,Lady Gaga,Love Game/Poker Face - Medley - Live at MMVA 09,joy
388,Eminem,I Get Money,joy
389,Eminem,First Word Freestyle,joy
390,Taylor Swift,Here You Come Again,joy
391,Maroon 5,Don‚Äôt Wanna Know,joy
392,Eminem,Pooh Butt Day,joy
393,Selena Gomez,Come & Get It (DJ M3 Mixshow Extended Remix),joy
394,Eminem,The Real Slim Shady,joy
395,Lady Gaga,HIGH NIGHT,joy
396,Taylor Swift,Our Song,joy
397,Eminem,Mancow (Freestyle),joy
398,Eminem,Off The Dome Freestyle,joy
399,Selena Gomez,All Night Long,joy
400,Eminem,8 Mile: Sweet Home Alabama Freestyle,joy
401,Nicki Minaj,Pound the Alarm (music video),joy
402,Eminem,Eminem Freestyle (Hollywood Homicide),joy
403,Selena Gomez,Congratulations to Me,joy
404,Nicki Minaj,Woohoo,joy
405,Lady Gaga,Do What U Want (Steven Redant Barcelona Remix),joy
406,Justin Bieber,Intentions,joy
407,Taylor Swift,Happy Voting! üó≥üòÉüåà,joy
408,Nicki Minaj,Easy,joy
409,Eminem,Crackers And Cheese,joy
410,Lady Gaga,Grigio Girls,joy
411,Eminem,Kurt Loder Car Freestyle,joy
412,Maroon 5,Lovely Day,joy
413,Taylor Swift,Speak Now (Live/2011),joy
414,Maroon 5,Love Somebody,joy
415,Eminem,FACK,joy
416,Eminem,Hip Hop,joy
417,Nicki Minaj,Pound the Alarm,joy
418,Eminem,Without Me (A Cappella),joy
419,Taylor Swift,Sugar,joy
420,Eminem,My Dad‚Äôs Gone Crazy,joy
421,Taylor Swift,Ours,joy
422,Eminem,Just Lose It,joy
423,Billie Eilish,‚Äãanother stupid song*,joy
424,Justin Bieber,Baby‚Äôs In Love,joy
425,Eminem,Without Me,joy
426,Selena Gomez,Come & Get It (Dave Audio Club Remix),joy
427,Selena Gomez,Same Old Love (Romos Remix),joy
428,Justin Bieber,Yummy (Country Remix),joy
429,Taylor Swift,Sweeter Than Fiction,joy
430,Billie Eilish,Hostage[aporia remix],joy
431,Eminem,DJ Fashion Freestyle,joy
432,Eminem,Eminem Music Videos,joy
433,Lady Gaga,Filthy Pop (Rob Fusari Version),joy
434,Eminem,Rhyme Time With Eminem,joy
435,Nicki Minaj,Pound the Alarm (Nicole Chen mix),joy
436,Taylor Swift,Dancing In The Dark / Livin' On A Prayer,joy
437,Post Malone,Wow. (Remix),joy
438,Nicki Minaj,Intro (Barbie World),joy
439,Eminem,Radio Freestyle 2,joy
440,Lady Gaga,Little Monsters,joy
441,Taylor Swift,Fearless (Live From Clear Channel Stripped 2008),joy
442,Eminem,Rap City Freestyle (Keeping It Raw),joy
443,Taylor Swift,Holy Ground,joy
444,Maroon 5,It Was Always You,joy
445,Taylor Swift,I Forgot That You Existed,joy
446,Lady Gaga,Just Dance - Live at Cherrytree House Stripped Down Version,joy
447,Nicki Minaj,NickiWRLDTour (Visual Intro Europe),joy
448,Taylor Swift,Nashville (Live/2011),joy
449,Taylor Swift,Fifteen,joy
450,Post Malone,Drippin,joy
451,Eminem,1996 Underground Freestyle,joy
452,Selena Gomez,Slow Down (Chew Fu Refix),joy
453,Maroon 5,Girls Like You (Remix Live),joy
454,Justin Bieber,One Dance (Remix),joy
455,Taylor Swift,happiness,joy
456,Taylor Swift,You Need To Calm Down,joy
457,Selena Gomez,Shake It Up (Theme Song) [Cole Plante Reboot Remix],joy
458,Eminem,Real Slim Shady (EDIT),joy
459,Taylor Swift,You Need To Calm Down (Live from Paris),joy
460,Eminem,My Name Is (Radio Edit),joy
461,Taylor Swift,I'm Only Me When I'm with You,joy
462,Lady Gaga,Superstar (The Simpsons Song),joy
463,Eminem,Ass Like That,joy
464,Selena Gomez,Same Old Love (Filous Remix),joy
465,Nicki Minaj,Pound the alarm - album edit,joy
466,Eminem,2004 Tim Westwood Freestyle,joy
467,Justin Bieber,Still Can‚Äôt Get Enough,joy
468,Taylor Swift,Stay Stay Stay / Ho Hey,joy
469,Selena Gomez,Slow Down (Paolo Ortelli & Luke Degree Remix),joy
470,Lady Gaga,Love Me Right,joy
471,Lady Gaga,Panty Party,joy
472,Nicki Minaj,2 Lit 2 Late Interlude,joy
473,Selena Gomez,Me & The Rhythm,joy
474,Selena Gomez,Same Old Love (Wuki Remix),joy
475,Eminem,We Made You (Digital Single Version),joy
476,Eminem,Wee Wee,joy
477,Selena Gomez,Come & Get It (Cosmic Dawn Club Remix),joy
478,Lady Gaga,Million Reasons (Andrelli Remix),joy
479,Taylor Swift,London Boy,joy
480,Lady Gaga,What's Up (Live),joy
481,Eminem,Stuff To Never Rhyme (The Don‚Äôts),joy
482,Eminem,Just Rhymin‚Äô with Proof,joy
483,Taylor Swift,"Fearless / I'm Yours / Hey, Soul Sister (Live/2011)",joy
484,Eminem,My Name Is (Snippet),joy
485,Eminem,Facebook Q&A,joy
486,Nicki Minaj,Barbie World (Intro),joy
487,Taylor Swift,Thug Story,joy
488,Justin Bieber,We Were Born For This,joy
489,Justin Bieber,Love Yourself (Brynny x Teddy Cream Bootleg),joy
490,Nicki Minaj,Favorite,joy
491,Maroon 5,Don‚Äôt Wanna Know (Solo),joy
492,Lady Gaga,Applause (Purity Ring Remix),joy
493,Eminem,Canibus Impression Freestyle,joy
494,Lady Gaga,Galera,joy
495,Lady Gaga,Just dance - Love Game - Telephone (ACT III),joy
496,Justin Bieber,Fa La La (Acapella),joy
497,Eminem,What Time You Sucking It*,joy
498,Selena Gomez,Slow Down (DJLW Remix),joy
499,Maroon 5,Everyday People,joy
500,Billie Eilish,‚Äãbellyache,joy
501,Eminem,Eminem Freestyles on Tim Westwood | 2009,joy
502,Taylor Swift,Delicate (Radio Disney Version),joy
503,Maroon 5,Three Little Birds,joy
504,Justin Bieber,Old School Flow,joy
505,Maroon 5,What Lovers Do (Slushii Remix),joy
506,Nicki Minaj,Get Silly,joy
507,Lady Gaga,Wundaland (Demo),joy
508,Nicki Minaj,Trini Dem Girls,joy
509,Post Malone,I√¢am Gonna Be,joy
510,Justin Bieber,Baby,joy
511,Nicki Minaj,Everywhere We Go,joy
512,Eminem,Fubba U Cubba Cubba,joy
513,Nicki Minaj,Pound the Alarm (Nick Lees mix),joy
514,Eminem,MC Hammer vs. Vanilla Ice,joy
515,Billie Eilish,‚Äãwhen the party‚Äôs over (Live at Third Man Records),joy
516,Eminem,Crack a Bottle,joy
517,Eminem,Just the Two of Us,joy
518,Lady Gaga,Christmas Tree,joy
519,Eminem,Em360 Rapcity Backroom Freestyle,joy
520,Taylor Swift,gold rush,joy
521,Justin Bieber,Been You,joy
522,Selena Gomez,Slow Down,joy
523,Taylor Swift,I Heart ?,joy
524,Justin Bieber,Yummy,joy
525,Taylor Swift,Sparks Fly,joy
526,Eminem,My Name Is (Original),joy
527,Eminem,Radio Freestyle 3,joy
528,Maroon 5,Bet My Heart,joy
529,Lady Gaga,The DJ Vice Megamix,joy
530,Lady Gaga,The Cure,joy
531,Selena Gomez,Boyfriend,joy
532,Justin Bieber,Believe,joy
533,Taylor Swift,Check Out This View,joy
534,Taylor Swift,I Wish You Would (Voice Memo),joy
535,Post Malone,White Iverson (Remix),joy
536,Post Malone,In Bloom,joy
537,Lady Gaga,"Eh, Eh (Nothing Else I Can Say) - Piano and Human Beat Box Version",joy
538,Lady Gaga,Just Dance,joy
539,Selena Gomez,Higher Or Heaven*,joy
540,Taylor Swift,ME! (Live from Paris),joy
541,Maroon 5,Girls Like You (Cray Remix),joy
542,Maroon 5,In Your Pocket,joy
543,Eminem,Radio Freestyle 1,joy
544,Eminem,8 Mile: Trailer Freestyle,joy
545,Eminem,The Slim Shady Show Freestyle,joy
546,Justin Bieber,Drummer Boy,joy
547,Justin Bieber,Only Thing I Ever Get for Christmas,joy
548,Post Malone,"Takin, Shots",joy
549,Selena Gomez,Slow Down (Smash Mode Remix),joy
550,Nicki Minaj,I Love My Range Rover,joy
551,Lady Gaga,I Wanna Be With U,joy
552,Eminem,The Real Slim Shady (Murda Mixtape Version),joy
553,Lady Gaga,Do What U Want (Steven Redant Madrid Radio Remix),joy
554,Selena Gomez,Rare (80's Version),joy
555,Lady Gaga,Summerboy,joy
556,Eminem,My Mom,joy
557,Maroon 5,Hello,joy
558,Justin Bieber,Mistletoe,joy
559,Lady Gaga,Why Did You Do That?,joy
560,Selena Gomez,New Classic (Single Version),joy
561,Eminem,My Name Is (Original Version),joy
562,Justin Bieber,One Time,joy
563,Eminem,Role Model (Clean Version),joy
564,Nicki Minaj,Starships,joy
565,Justin Bieber,Pick Me,joy
566,Post Malone,Crazy Little Thing Called Love,joy
567,Nicki Minaj,Freedom,joy
568,Lady Gaga,Smile (One World: Together At Home),joy
569,Eminem,Those Kinda Nights,joy
570,Maroon 5,Sunday Morning (Demo),joy
571,Billie Eilish,‚Äãcome out and play (live),joy
572,Justin Bieber,U Smile,joy
573,Lady Gaga,Wonderful,joy
574,Maroon 5,Goodnight Goodnight (Deerhoof Remix),joy
575,Eminem,The Conspiracy Freestyle,joy
576,Eminem,Tim Westwood Freestyle,joy
577,Eminem,Freestyle (Gone Crazy),joy
578,Taylor Swift,Umbrella (Live from SoHo),joy
579,Taylor Swift,One Way Ticket,joy
580,Nicki Minaj,Super Bass (Edited),joy
581,Lady Gaga,The Sound of Music Medley,joy
582,Eminem,I‚Äôm Shady (Snippet),joy
583,Taylor Swift,Begin Again,joy
584,Eminem,We Made You,joy
585,Lady Gaga,Applause - Come To Mama - Edge Of Glory - Born This Way (ACT IV),joy
586,Eminem,Rap City 2013 Acapella,joy
587,Lady Gaga,Highway Unicorn (Road to Love),joy
588,Eminem,Baruch College Session,joy
589,Taylor Swift,Stay Stay Stay,joy
590,Taylor Swift,ME! (feat. Brendon Urie of Panic! At The Disco) (Live From The Billboard Music Awards),joy
591,Justin Bieber,What Do You Mean? (Capital Kings Remix),joy
592,Taylor Swift,Sparks Fly (Live/2011),joy
593,Nicki Minaj,Peppermint,joy
594,Selena Gomez,Magic,joy
595,Taylor Swift,Lucky You,joy
596,Taylor Swift,The Sweet Escape (Live/2011),joy
597,Taylor Swift,Fearless,joy
598,Taylor Swift,I Wished On A Plane,joy
599,Eminem,It‚Äôs the real slim shady,joy
600,Lady Gaga,Christmas Tree (Demo),joy
601,Taylor Swift,ME!,joy
602,Taylor Swift,Til Brad Pitt Comes Along,joy
603,Lady Gaga,Super Lover,joy
604,Lady Gaga,Boys Boys Boys,joy
605,Taylor Swift,Paper Rings,joy
606,Justin Bieber,It‚Äôs Working,joy
607,Justin Bieber,Peaches*,joy
608,Taylor Swift,You Need To Calm Down (Clean Bandit Remix),joy
609,Taylor Swift,Santa Baby,joy
610,Billie Eilish,‚Äãbitches broken hearts,joy
611,Taylor Swift,Permanent Marker,joy
612,Lady Gaga,LoveGame - Robots To Mars Remix,joy
613,Lady Gaga,New York Girls,joy
614,Selena Gomez,Everything Is Not As It Seems,joy
615,Taylor Swift,long story short,joy
616,Lady Gaga,Again Again,joy
617,Selena Gomez,Stars Dance,joy
618,Lady Gaga,Hey Girl,joy
619,Eminem,Eminem Freestyle On The Farmclub,joy
620,Post Malone,Congratulations (Remix),joy
621,Eminem,So Many Styles,joy
622,Maroon 5,What Lovers Do,joy
623,Eminem,Food Stamp (Phone Tap Freestyle),joy
624,Lady Gaga,Sophie Produced Song,joy
625,Taylor Swift,Welcome to New York,joy
626,Selena Gomez,Save the Day,joy
627,Lady Gaga,Putash,joy
628,Taylor Swift,How You Get the Girl,joy
629,Taylor Swift,The Best Day,joy
630,Taylor Swift,Playlist by ME!,joy
631,Nicki Minaj,Pound the Alarm (Liam Keegan mix),joy
632,Taylor Swift,Sunshine,joy
633,Eminem,1998 Wake Up Show Freestyle,joy
634,Justin Bieber,Got Me One*,joy
635,Justin Bieber,Intentions (Acoustic),joy
636,Justin Bieber,Can‚Äôt Wait,joy
637,Eminem,Take The World With Me,joy
638,Maroon 5,Little of Your Time (Bloodshy & Avant Remix),joy
639,Lady Gaga,Do What U Want (Steven Redant Madrid Club Remix),joy
640,Lady Gaga,Dancin' in Circles,joy
641,Justin Bieber,Infectious,joy
642,Lady Gaga,Replay,joy
643,Nicki Minaj,Fly (Super Clean Edit),joy
644,Lady Gaga,"Go, Go, Go (Demo)",joy
645,Taylor Swift,Shake It Off,joy
646,Justin Bieber,Up,joy
647,Eminem,Beautiful,joy
648,Lady Gaga,Boys Boys Boys (Manhattan Clique),joy
649,Nicki Minaj,Va Va Voom,joy
650,Maroon 5,Don‚Äôt Wanna Know (Fareoh Remix),joy
651,Lady Gaga,"Eh, Eh (Nothing Else I Can Say)",joy
652,Eminem,Step Right Up,joy
653,Nicki Minaj,It's My Party,joy
654,Justin Bieber,Beauty and a Beat,joy
655,Maroon 5,Sugar (Remix),joy
656,Post Malone,Magic,joy
657,Eminem,Drop It Like It‚Äôs Hot Freestyle,joy
658,Eminem,My Name Is,joy
659,Justin Bieber,Hotline Bling (Remix),joy
660,Eminem,Any Word Freestyle,joy
661,Eminem,XL Show Freestyle,joy
662,Lady Gaga,Rain On Me (Demo Solo),joy
663,Selena Gomez,Everything Is Not What It Seems (Wizards of Waverly Place Full Theme Song),joy
664,Eminem,My Fault (Pizza Mix),joy
665,Eminem,Shade 45 Freestyle,joy
666,Taylor Swift,American Girl,joy
667,Justin Bieber,Beauty And A Beat  (Wideboys Club Mix),joy
668,Eminem,Freestyle (Light Speed),joy
669,Lady Gaga,"Eh, Eh (Nothing Else I Can Say) (Pet Shop Boys Radio Mix)",joy
670,Lady Gaga,Starstruck,joy
671,Nicki Minaj,Pound the alarm - album version (edited),joy
672,Eminem,The Half-Time Show Freestyle,joy
673,Selena Gomez,Music Feels Better,joy
674,Post Malone,Feel (Demo),joy
675,Nicki Minaj,Wheel of Freestyle,joy
676,Post Malone,Easier,joy
677,Taylor Swift,Everything Has Changed,joy
678,Selena Gomez,Shake It Up,joy
679,Justin Bieber,Meet Me At The Club*,joy
680,Eminem,"1997 Freestyle Live at Wetlands, NYC",joy
681,Eminem,Rap City Freestyle,joy
682,Eminem,C‚Äômon Everybody,joy
683,Lady Gaga,Dirty Ice Cream,joy
684,Justin Bieber,California Cruisin‚Äô,joy
685,Lady Gaga,So Happy I Could Die,joy
686,Nicki Minaj,Pound the Alarm (Jelfa mix),joy
687,Eminem,Starting To Look Like An M&M!,joy
688,Nicki Minaj,I Get Crazy,joy
689,Lady Gaga,Oh Baby (Demo),joy
690,Maroon 5,This Summer,joy
691,Justin Bieber,Rockin‚Äô Around The Christmas Tree,joy
692,Lady Gaga,Just Dance (Trevor Simpson Edit),joy
693,Post Malone,SoFlo Like Antonio,joy
694,Justin Bieber,Turn Up,joy
695,Eminem,Rap City,joy
696,Justin Bieber,Somebody to Love (J-Stax Remix),joy
697,Maroon 5,Crazy Little Thing Called Love (Acoustic Version),joy
698,Maroon 5,Moves Like Jagger (Remix),joy
699,Eminem,PhatBeats Prank Call,joy
700,Selena Gomez,Bang A Drum,joy
701,Selena Gomez,Lover In Me,joy
702,Eminem,Freestyle (The Watcher),joy
703,Eminem,Rap City Freestyle (I‚Äôm a Big Deal),joy
704,Maroon 5,Don‚Äôt Wanna Know (Extended Version),joy
705,Taylor Swift,Live For The Little Things,joy
706,Maroon 5,Lucky Strike,joy
707,Justin Bieber,Santa Claus Is Coming to Town,joy
708,Lady Gaga,Lush Life,joy
709,Selena Gomez,Forget Forever,joy
710,Selena Gomez,Dance Again,joy
711,Nicki Minaj,Pound the Alarm (Kitz Looper mix),joy
712,Lady Gaga,White Christmas (Live),joy
713,Lady Gaga,Stupid Love,joy
714,Maroon 5,Don‚Äôt Wanna Know (Total Ape Remix),joy
715,Taylor Swift,Welcome Back Grunwald,joy
716,Selena Gomez,I Believe I Can Fly (Cover),joy
717,Lady Gaga,Do What U Want (Red Ant & Amp Lexvas Deep House Remix),joy
718,Maroon 5,Sugar,joy
719,Selena Gomez,Come & Get It (Fred Falke Club Remix),joy
720,Justin Bieber,What Do You Mean? [Angelika Vee Cover] - Justin Caruso Remix,joy
721,Lady Gaga,Musicland,joy
722,Eminem,My Salsa,joy
723,Taylor Swift,Starlight,joy
724,Lady Gaga,Do Me Right,joy
725,Eminem,8 Mile: Cheddar Bob Freestyle,joy
726,Justin Bieber,What Do You Mean (90's Remix),joy
727,Lady Gaga,Retro Physical,joy
728,Selena Gomez,Slow Down (Danny Verde Remix),joy
729,Maroon 5,Be Nice,joy
730,Nicki Minaj,Starships [Edited Version] [Edit] by Nicki Minaj,joy
731,Taylor Swift,Christmas Must Be Something More,joy
732,Taylor Swift,Christmas Tree Farm (Recorded Live at the 2019 iHeartRadio Jingle Ball),joy
733,Taylor Swift,ME! (Billboard Music Awards Live Rehearsal Audio),joy
734,Nicki Minaj,Mi Casa,joy
735,Maroon 5,Give a Little More,joy
736,Nicki Minaj,Super Bass,joy
737,Lady Gaga,Disco Heaven,joy
738,Maroon 5,Little of Your Time,joy
739,Justin Bieber,Happy New Year,joy
740,Nicki Minaj,Lollipop (Remix),joy
741,Lady Gaga,Applause,joy
742,Justin Bieber,Fa La La,joy
743,Justin Bieber,Somebody to Love,joy
744,Post Malone,Congratulations,joy
745,Nicki Minaj,Barbie Girl,joy
746,Eminem,Berzerk Explained,joy
747,Nicki Minaj,Sunshine (2007),joy
748,Ariana Grande,My Everything,power
749,Lady Gaga,Tokyo,power
750,Eminem,Rap Game (Bump Heads),power
751,Taylor Swift,...Ready for It? (BloodPop¬Æ Remix),power
752,Lady Gaga,I Like It Rough,power
753,Eminem,Jimmy Crack Corn,power
754,Ariana Grande,"Thank u, next (Jennifer Coolidge and Ariana Grande conversation)",power
755,Nicki Minaj,Gettin Cake,power
756,Ariana Grande,Why Try,power
757,Taylor Swift,Getaway Car,power
758,Eminem,Hell Breaks Loose,power
759,Selena Gomez,Same Old Love,power
760,Taylor Swift,R.E.V.E.N.G.E.,power
761,Justin Bieber,Break It Down,power
762,Eminem,Godzilla,power
763,Taylor Swift,Don't Blame Me,power
764,Lady Gaga,Fashion!,power
765,Maroon 5,Wake Up Call (David Banner Remix),power
766,Ariana Grande,Be Alright (Demo),power
767,Lady Gaga,Out of Control,power
768,"League of Legends, Against The Current",Legends Never Die,power
769,Nicki Minaj,Naked,power
770,Avicii,Hey Brother,power
771,Eminem,Berzerk,power
772,Taylor Swift,Only The Young,power
773,Lady Gaga,The Fame (Glam As You Remix) [Radio Edit Version],power
774,Taylor Swift,Look What You Made Me Do,power
775,Beyonc√É¬©,Check on It (Homecoming Live),power
776,Lady Gaga,Sinner's Prayer,power
777,Eminem,Cinderella Man,power
778,"League of Legends, PVRIS",Burn It All Down,power
779,Lady Gaga,The Fierce Mama-Gaga,power
780,Selena Gomez,Cruella De Vil,power
781,Cardi B,Sick 16 (Freestyle),power
782,Selena Gomez,Good For You (Nebbra Remix),power
783,Taylor Swift,Cruel Summer,power
784,Lady Gaga,LoveGame,power
785,Lady Gaga,Marry the Night,power
786,Billie Eilish,‚Äãocean eyes (Cautious Clay Remix),power
787,Eminem,Discombobulated,power
788,Maroon 5,Memories (Dillon Francis Remix),power
789,Nicki Minaj,Warning - 97663,power
790,Taylor Swift,1989 World Tour Dates,power
791,Nicki Minaj,Good Form,power
792,Billie Eilish,Six Feet Under (Aire Atlantica Remix),power
793,Eminem,3 Verses,power
794,Nicki Minaj,Chun-Li,power
795,Nicki Minaj,Roman's Revenge 2.0,power
796,Eminem,Slim Shady,power
797,Taylor Swift,Long Time Coming,power
798,"David Guetta, Sia",Titanium (feat. Sia),power
799,Lady Gaga,Bad Romance (Skrillex Remix),power
800,Billie Eilish,NOT MY RESPONSIBILITY,power
801,Cardi B,Lick (Remix),power
802,Lady Gaga,The Fame,power
803,Eminem,Crack A Bottle (Shady Remix),power
804,Beyonc√É¬©,Top Off (Homecoming Live),power
805,Eminem,Drop the Bomb on ‚ÄôEm,power
806,Eminem,Rhyme or Reason,power
807,Nicki Minaj,Want Some More (Remix),power
808,Maroon 5,Best 4 U,power
809,Sia,Unstoppable,power
810,Lady Gaga,Bad Romance (Grum Remix),power
811,Justin Bieber,Ride,power
812,Eminem,Hate Me Now Freestyle,power
813,Selena Gomez,Do It,power
814,Nicki Minaj,Roman's Revenge (Busta Rhymes Remix),power
815,Post Malone,That√¢ It,power
816,Sam Tinnesz,Legends Are Made,power
817,Nicki Minaj,I'm Legit,power
818,Taylor Swift,"Sugar, We're Going Down",power
819,Eminem,Verse 3,power
820,Ariana Grande,Be Alright [Justin Bieber Cover],power
821,Lady Gaga,The Edge of Glory - Foster The People Remix,power
822,Beyonc√É¬©,Single Ladies (Put a Ring on It) [Live],power
823,Justin Bieber,Running Over (Original Version),power
824,Lady Gaga,Bad Romance (DJ Dan Remix),power
825,Ariana Grande,Santa Tell Me,power
826,Eminem,WJLB 1998 Promo,power
827,Ariana Grande,‚Äãstarted*,power
828,"Flo Rida, Sage The Gemini, Lookas",GDFR (feat. Sage the Gemini & Lookas),power
829,Eminem,The Equalizer : Soundtrack,power
830,Lady Gaga,Heal Me,power
831,Eminem,Evil Twin,power
832,Lady Gaga,Hair,power
833,Nicki Minaj,Barbie Dreams,power
834,Eminem,G.O.A.T.,power
835,Beyonc√É¬©,New Shoes,power
836,Eminem,"Murder, Murder",power
837,Taylor Swift,Better Than Revenge (Live/2011),power
838,Lady Gaga,Trigger (Demo),power
839,Nicki Minaj,Gettin' Paid,power
840,Nicki Minaj,Tempo,power
841,Eminem,Gnat,power
842,Beyonc√É¬©,Halo (Hope for Haiti Now),power
843,Post Malone,Ball For Me,power
844,Post Malone,Playboy Bunny,power
845,Cardi B,The Good (Unreleased),power
846,Taylor Swift,Red (Original Demo Recording),power
847,Lady Gaga,Retrosexual,power
848,Nicki Minaj,Put You in a Room,power
849,Eminem,Quitter (Everlast Diss),power
850,Eminem,Remember Me?,power
851,Maroon 5,Better That We Break (Ali Shaheed Muhammad & Doc Remix),power
852,Maroon 5,Ladykiller,power
853,Beyonc√É¬©,Ring the Alarm,power
854,Lady Gaga,Artpop (artRAVE paris version),power
855,Eminem,Just Don‚Äôt Give a Fuck,power
856,Cardi B,Drip,power
857,Ariana Grande,‚Äãraindrops (an angel cried) [live],power
858,Beyonc√É¬©,Lift Every Voice and Sing (Homecoming Live),power
859,Post Malone,Fuck The Internet,power
860,Maroon 5,Animals (Sammy Bananas Remix),power
861,Nicki Minaj,I Endorse These Strippers,power
862,Eminem,Nail in the Coffin,power
863,Eminem,Rabbit Run,power
864,Nicki Minaj,Miami,power
865,Lady Gaga,Diamond Heart,power
866,Justin Bieber,Runaway Love,power
867,Lady Gaga,The Edge of Glory (Live),power
868,Eminem,8 Mile: Maurice Grant vs B-Rabbit,power
869,Ariana Grande,‚Äãlove me harder (live),power
870,Nicki Minaj,Jumpoff / Jump-off,power
871,Post Malone,Killing in the Name,power
872,Nicki Minaj,I'm Back,power
873,Eminem,Just Don‚Äôt Give a Fuck (A Cappella),power
874,Justin Bieber,Purpose,power
875,Cardi B,Trust Issues,power
876,Eminem,Ridaz,power
877,Nicki Minaj,BE GONE BITCH,power
878,Eminem,Lucky You,power
879,Taylor Swift,I Did Something Bad (Reputation Tour Remix),power
880,Beyonc√É¬©,FREEDOM (2016 BET Awards),power
881,Eminem,I Will,power
882,Eminem,Role Model,power
883,Eminem,Keys To The City,power
884,Ariana Grande,Right There (Ralphi Rosario Radio),power
885,Selena Gomez,Kill Em with Kindness (Felix Cartal Remix),power
886,Beyonc√É¬©,Dreamgirls,power
887,Cardi B,Trick,power
888,Ariana Grande,Side to Side (Slushii Remix),power
889,Beyonc√É¬©,What√¢¬Ä¬ôs It Gonna Be,power
890,Camila Cabello,Million To One,power
891,Nicki Minaj,Black Barbies,power
892,Eminem,Kings Never Die,power
893,Nicki Minaj,Chun Swae,power
894,Nicki Minaj,"Bossed Up, Pickle Juice",power
895,Nicki Minaj,I'm Cumin,power
896,Imagine Dragons,Demons,power
897,Maroon 5,Harder to Breathe,power
898,Ariana Grande,Love Me Harder (DJ Class Remix),power
899,Maroon 5,The Man Who Never Lied,power
900,Eminem,Not Afraid,power
901,Justin Bieber,Vatican,power
902,Lady Gaga,MANiCURE (Swinefest Demo),power
903,Nicki Minaj,Barbie Goin Bad,power
904,Justin Bieber,Going Down,power
905,Taylor Swift,I Know Places (Voice Memo),power
906,Beyonc√É¬©,Apathy,power
907,Taylor Swift,Style,power
908,Eminem,Still Number One,power
909,The Chainsmokers,Paris,power
910,Lady Gaga,Shut Up (Demo),power
911,Billie Eilish,‚Äãall the good girls go to hell (Live at Third Man Records),power
912,Nicki Minaj,Baddest Bitch,power
913,Lady Gaga,Do What U Want (Solo Version),power
914,Selena Gomez,Good for You (Single Version),power
915,Ariana Grande,‚Äãwest side,power
916,Maroon 5,Cold (Remix),power
917,Eminem,Killshot,power
918,Beyonc√É¬©,Gift from Virgo,power
919,Ariana Grande,‚Äãon top of everything*,power
920,Justin Bieber,Humble (Remix),power
921,Nicki Minaj,Playtime Is Over,power
922,Nicki Minaj,Yikes,power
923,Beyonc√É¬©,Flaws and All (Beyonc√É¬© Experience Live),power
924,Taylor Swift,Wildest Dreams (R3hab Remix),power
925,Eminem,Rain Man,power
926,Lady Gaga,The Edge of Glory (Porter Robinson Remix),power
927,Taylor Swift,End Game (Solo Version),power
928,Maroon 5,Hands All Over,power
929,Beyonc√É¬©,World Wide Woman,power
930,Eminem,Breaking News (Intro),power
931,"Neoni, burnboy",Champion,power
932,Lady Gaga,Do What U Want (DJWS Remix),power
933,Maroon 5,Doin‚Äô Dirt,power
934,Justin Bieber,Confirmation,power
935,Beyonc√É¬©,"Baby, You√¢¬Ä¬ôre The Only Man",power
936,Ariana Grande,7 rings,power
937,Selena Gomez,Fetish (Galantis Remix),power
938,Eminem,Who Knew,power
939,Lady Gaga,Born This Way (Michael Woods Remix),power
940,Avicii,The Nights,power
941,Nicki Minaj,Sticks In My Bun,power
942,Beyonc√É¬©,Irreplaceable (Trina Remix),power
943,Lady Gaga,The Edge of Glory (Funkagenda Remix),power
944,Nicki Minaj,Biggest Freak,power
945,Lady Gaga,Black Jesus + Amen Fashion,power
946,Lady Gaga,Government Hooker,power
947,Lady Gaga,Do What U Want (Kronic Remix),power
948,Taylor Swift,End Game,power
949,Maroon 5,Cold (Sak Noel Remix),power
950,Ariana Grande,Daydreamin‚Äô,power
951,Nicki Minaj,Swish Swish (Rap Version),power
952,Eminem,We As Americans,power
953,Lady Gaga,Electric Chapel - Two Door Cinema Club Remix,power
954,Post Malone,Take What You Want,power
955,Ariana Grande,Problem (Spanglish Version),power
956,Nicki Minaj,Hood Story,power
957,Nicki Minaj,SaInT RoMaN,power
958,Ariana Grande,Knew Better / Forever Boy [DWT Version],power
959,Lady Gaga,Greatest,power
960,Lady Gaga,Glamour Zombie,power
961,Eminem,Detroit vs. Everybody,power
962,Selena Gomez,Come & Get It,power
963,Eminem,Wanksta (Eminem‚Äôs Version),power
964,Selena Gomez,Kill Em with Kindness (Young Bombs Remix),power
965,Eminem,ShadyXV,power
966,Naomi Scott,Speechless (Full),power
967,Justin Bieber,Somebody to Love (Remix),power
968,Lady Gaga,You and I / born this way (artRAVE paris version),power
969,Lady Gaga,Burqa,power
970,"Eminem, Nate Dogg",Till I Collapse,power
971,Selena Gomez,Look At Her Now,power
972,Taylor Swift,State of Grace,power
973,Lady Gaga,Bad Romance - The Cure ( ACT VI),power
974,Nicki Minaj,Roman Reloaded,power
975,Nicki Minaj,Wamables,power
976,Lady Gaga,Black Jesus + Amen Fashion - Michael Woods Remix,power
977,Taylor Swift,A Monster In My Closet!,power
978,Post Malone,Psycho,power
979,Nicki Minaj,Saxon,power
980,Ariana Grande,Greedy,power
981,Taylor Swift,Wonderland,power
982,Justin Bieber,Fearless,power
983,Nicki Minaj,Get It All,power
984,Taylor Swift,We Are Never Ever Getting Back Together,power
985,Eminem,Right for Me,power
986,Nicki Minaj,I Get Money (Remix),power
987,Eminem,Ballin‚Äô Uncontrollably,power
988,Maroon 5,Figure It Out,power
989,Lady Gaga,Paper Gangsta,power
990,Post Malone,God Damn,power
991,Eminem,The Sauce,power
992,Nicki Minaj,Ain't Gone Do It,power
993,"B.o.B, Hayley Williams",Airplanes (feat. Hayley Williams of Paramore),power
994,Post Malone,Hit This Hard,power
995,Maroon 5,Animals (Remix),power
996,Billie Eilish,Ocean Eyes (That Loud & Neblo Remix),power
997,Zoe Wees,Control,power
998,Eminem,Marsh,power
999,Taylor Swift,The Man,power
1000,Lady Gaga,"Beautiful, Dirty, Rich",power
1001,Ariana Grande,‚Äãmy hair,power
1002,Nicki Minaj,Lookin Ass (Lookin Ass Nigga),power
1003,Sabrina Carpenter,Blueberries,power
1004,Selena Gomez,Outta My Hands (Loco),power
1005,Ariana Grande,Put Your Hearts Up,power
1006,Selena Gomez,Pose,power
1007,Cardi B,Sauce Boyz,power
1008,Maroon 5,Cold (VAR!N Remix),power
1009,Warriyo,Mortals,power
1010,Maroon 5,Runaway,power
1011,Ariana Grande,Moonlight,power
1012,Taylor Swift,Picture to Burn (Live From SoHo),power
1013,Nicki Minaj,Talking that  stuff,power
1014,Nicki Minaj,Blow Ya Mind,power
1015,Eminem,Rap Battle (1994),power
1016,Ariana Grande,One last time_Ariana_Grande_(2014),power
1017,Eminem,Slim Shady (Intro),power
1018,Lady Gaga,Sexy Ugly,power
1019,Selena Gomez,Forget Forever (ST√Ç¬£FAN Remix),power
1020,Billie Eilish,Eres T√∫,power
1021,Lady Gaga,The Manifesto of Mother Monster,power
1022,Avicii,Wake Me Up,power
1023,Nicki Minaj,Regular Degular,power
1024,Taylor Swift,Let's Go (Battle),power
1025,Nicki Minaj,Still I Rise,power
1026,Beyonc√É¬©,Ave Maria,power
1027,Nicki Minaj,Queen Radio - The Cardi B Drag,power
1028,Eminem,Eminem - Get You Mad (T√ºrk√ße √áeviri),power
1029,Nicki Minaj,Encore '07,power
1030,Nicki Minaj,1-900-Ms-Minaj,power
1031,Selena Gomez,Kill Em With Kindness,power
1032,Beyonc√É¬©,Grown Woman,power
1033,Eminem,Still Don‚Äôt Give a Fuck,power
1034,Lady Gaga,Marry the Night - The Weeknd & Illangelo Remix,power
1035,Ariana Grande,Zero to Hero (From ‚ÄùHercules‚Äù),power
1036,Taylor Swift,Bad Blood,power
1037,Nicki Minaj,Anaconda,power
1038,Nicki Minaj,The Pinkprint Freestyle,power
1039,Cardi B,Automatic*,power
1040,Eminem,Yah Yah,power
1041,Eminem,Higher,power
1042,Maroon 5,Secret (Premier 5 Remix),power
1043,Eminem,W.T.P.,power
1044,Lady Gaga,Bad romance / Applause / Swine / Gyspy (artRAVE paris version),power
1045,Cardi B,Thru Your Phone (Clean),power
1046,Taylor Swift,Macavity,power
1047,Lady Gaga,Cake Like Lady Gaga,power
1048,Eminem,Rap God (Lyrics on Genius),power
1049,Lady Gaga,Free Woman,power
1050,Eminem,Alfred‚Äôs Theme,power
1051,Eminem,2.0 Boys,power
1052,Beyonc√É¬©,Black Parade (Remix),power
1053,Selena Gomez,Fetish,power
1054,Nicki Minaj,Roman In Moscow,power
1055,Taylor Swift,Blank Space,power
1056,Nicki Minaj,Massive Attack,power
1057,Lady Gaga,Judas - Hurts Remix,power
1058,Lady Gaga,Fashion (2009),power
1059,Ariana Grande,Open Letter Critiquing Sexism,power
1060,Nicki Minaj,Win Again,power
1061,Taylor Swift,Bette Davis Eyes (Live/2011),power
1062,"Martin Garrix, Bonn",No Sleep (feat. Bonn),power
1063,Eminem,Greatest,power
1064,Eminem,Mosh,power
1065,Taylor Swift,Should've Said No (Live from SoHo),power
1066,Lady Gaga,Bad Romance,power
1067,Selena Gomez,Good For You (Kasbo Remix),power
1068,Post Malone,Ric Flair,power
1069,Eminem,Square Dance,power
1070,Maroon 5,If I Never See Your Face Again (Paul Oakenfold Remix),power
1071,Ariana Grande,‚Äãfake smile,power
1072,Lady Gaga,Paparazzi / Do What U Want / Dope  (artRAVE paris version),power
1073,vaultboy,everything sucks,power
1074,Nicki Minaj,Firm Biz '08,power
1075,Billie Eilish,‚Äãi love you (Live at Third Man Records),power
1076,Lady Gaga,ARTPOP,power
1077,Lady Gaga,Bad Kids,power
1078,Nicki Minaj,I'm The Best,power
1079,Beyonc√É¬©,Formation,power
1080,Eminem,Shady Narcotics,power
1081,Maroon 5,If I Never See Your Face Again (Remix),power
1082,Cardi B,Broke,power
1083,Nicki Minaj,Hit It,power
1084,Eminem,"Monkey See, Monkey Do",power
1085,Lady Gaga,MANiCURE (Demo),power
1086,Lady Gaga,Yay Ha (Demo),power
1087,Billie Eilish,‚Äãilomilo,power
1088,Eminem,"Business - Live At The Palace of Auburn Hills, Detroit / 2002",power
1089,Billie Eilish,Shady*,power
1090,Taylor Swift,Matches,power
1091,Ariana Grande,Wit It This Christmas,power
1092,Beyonc√É¬©,Standing on the Sun Remix,power
1093,Nicki Minaj,Come on a Cone,power
1094,Post Malone,Fuck Yeah Dude*,power
1095,Post Malone,Squad,power
1096,Nicki Minaj,Make a Baby,power
1097,NEFFEX,Destiny,power
1098,Lady Gaga,Manicure + Cake Like Lady Gaga (artRAVE paris version),power
1099,Lady Gaga,Jewels N' Drugs,power
1100,Lady Gaga,HOODIE,power
1101,Ariana Grande,One Last Time,power
1102,Lady Gaga,Applause (Demo),power
1103,Lady Gaga,Freakshow,power
1104,Beyonc√É¬©,Don√¢¬Ä¬ôt Hurt Yourself (Poetry),power
1105,Maroon 5,Through With You (Demo),power
1106,"Lost Sky, Chris Linton",Fearless Pt. II,power
1107,Beyonc√É¬©,Broken-Hearted Girl (Catalyst Remix),power
1108,Eminem,No Apologies,power
1109,Maroon 5,Through with You,power
1110,The Score,Can You Hear Me Now,power
1111,Post Malone,rockstar (Original Version),power
1112,Maroon 5,Kiwi,power
1113,Beyonc√É¬©,The Last Great Seduction,power
1114,Lady Gaga,Fever (Demo),power
1115,Nicki Minaj,Hard White,power
1116,Lady Gaga,The Fame (Demo),power
1117,Cardi B,Cardi B‚Äôs Tattoos,power
1118,Eminem,I‚Äôm Back/Kill You/Under the Influence (Live in California),power
1119,Billie Eilish,‚Äãcome out and play (Live at Third Man Records),power
1120,Nicki Minaj,New Body - Verse,power
1121,Eminem,You Don‚Äôt Know,power
1122,Eminem,Hazardous Youth,sorrow
1123,Ariana Grande,‚Äãsafety net,sorrow
1124,Eminem,Mystical Diss,sorrow
1125,Eminem,Billie Eilish,sorrow
1126,Eminem,Evil Deeds,sorrow
1127,Post Malone,Don't Make Me,sorrow
1128,Post Malone,Feeling Whitney,sorrow
1129,Ariana Grande,Just a Little Bit of Your Heart,sorrow
1130,Nicki Minaj,L'Ultimo Bicchiere,sorrow
1131,Lady Gaga,1000 Doves (Piano Demo),sorrow
1132,Taylor Swift,Out of the Woods,sorrow
1133,Beyonc√É¬©,Don√¢¬Ä¬ôt Hurt Yourself,sorrow
1134,Justin Bieber,Fall,sorrow
1135,Post Malone,Blame It On Me,sorrow
1136,Maroon 5,Not Falling Apart,sorrow
1137,Maroon 5,Whiskey,sorrow
1138,Taylor Swift,Tim McGraw (Demo),sorrow
1139,Taylor Swift,The Last Time,sorrow
1140,Nicki Minaj,Tay- Fire Burns,sorrow
1141,Selena Gomez,Sad Serenade,sorrow
1142,Olivia Rodrigo,drivers license,sorrow
1143,Seafret,Atlantis,sorrow
1144,Justin Bieber,Heartache,sorrow
1145,Justin Bieber,That Should Be Me,sorrow
1146,Eminem,Kill My Pain (Mixup),sorrow
1147,Lady Gaga,Let Love Down,sorrow
1148,Taylor Swift,Invisible,sorrow
1149,Justin Bieber,Insecurities,sorrow
1150,Ariana Grande,The Christmas Song (Chestnuts Roasting On An Open Fire),sorrow
1151,Taylor Swift,Teardrops On My Guitar (Acoustic),sorrow
1152,Post Malone,Lounge Act,sorrow
1153,Maroon 5,Out of Goodbyes,sorrow
1154,Post Malone,Cold,sorrow
1155,Selena Gomez,Love√¢¬Ä¬ôs Not Over,sorrow
1156,Taylor Swift,Beautiful Ghosts,sorrow
1157,Post Malone,No Reason (Version 1),sorrow
1158,Eminem,Space Bound,sorrow
1159,Eminem,Never Love Again,sorrow
1160,Nicki Minaj,Grand Piano,sorrow
1161,Taylor Swift,Didn't They,sorrow
1162,Nicki Minaj,Miss Me*,sorrow
1163,Taylor Swift,Innocent,sorrow
1164,Lady Gaga,Love Sick Girl (Demo),sorrow
1165,Maroon 5,Just a Feeling,sorrow
1166,Post Malone,Hollywood Dreams / Come Down,sorrow
1167,Cardi B,WAP (Clean),sorrow
1168,Gracie Abrams,"I miss you, I‚Äôm sorry",sorrow
1169,Lady Gaga,Oh Well,sorrow
1170,Eminem,Say Goodbye Hollywood,sorrow
1171,Justin Bieber,Alone,sorrow
1172,Eminem,Stronger Than I Was,sorrow
1173,Selena Gomez,Lose You To Love Me (Demo Version),sorrow
1174,Ariana Grande,‚Äãsuccessful,sorrow
1175,Ariana Grande,Touch It,sorrow
1176,Ariana Grande,‚Äãdangerous woman (live),sorrow
1177,Eminem,The Kids,sorrow
1178,Taylor Swift,"Baby, Don't You Break My Heart Slow",sorrow
1179,Post Malone,I Know,sorrow
1180,Justin Bieber,Maria,sorrow
1181,Ariana Grande,Ariana Grande - pov (terjemahan bahasa indonesia),sorrow
1182,Taylor Swift,seven (the long pond studio sessions),sorrow
1183,Dean Lewis,How Do I Say Goodbye,sorrow
1184,Nicki Minaj,Dreams '07,sorrow
1185,Nicki Minaj,Marilyn Monroe,sorrow
1186,Taylor Swift,Brought Up That Way,sorrow
1187,Eminem,Stimulate,sorrow
1188,Taylor Swift,Girl at Home,sorrow
1189,Selena Gomez,Someone Else,sorrow
1190,Taylor Swift,ivy,sorrow
1191,Taylor Swift,Mean,sorrow
1192,Nicki Minaj,How To Break A Heart,sorrow
1193,Justin Bieber,Mama‚Äôs Boy,sorrow
1194,Selena Gomez,Unfamiliar (Demo),sorrow
1195,Maroon 5,Beautiful Goodbye,sorrow
1196,Nicki Minaj,Letter to Lil Wayne,sorrow
1197,Beyonc√É¬©,Si Yo Fuera un Chico,sorrow
1198,Sam Tompkins,Lose It All,sorrow
1199,Nicki Minaj,Up in Flames,sorrow
1200,Taylor Swift,epiphany,sorrow
1201,Eminem,Kim,sorrow
1202,Billie Eilish,Bury a friend (Zeds Dead Remix),sorrow
1203,Maroon 5,Misery (Bimbo Jones radio edit),sorrow
1204,Ariana Grande,Shhh,sorrow
1205,Eminem,Yellow Brick Road,sorrow
1206,Eminem,Drips,sorrow
1207,Ariana Grande,Problem,sorrow
1208,Ariana Grande,‚Äãget well soon,sorrow
1209,Nicki Minaj,Dear Old Nicki,sorrow
1210,Lauren Spencer Smith,Flowers,sorrow
1211,Maroon 5,I Can‚Äôt Lie,sorrow
1212,Taylor Swift,Never Fade,sorrow
1213,Beyonc√É¬©,Kick Him Out (Next Ex),sorrow
1214,Taylor Swift,epiphany (the long pond studio sessions),sorrow
1215,Eminem,In Too Deep,sorrow
1216,Lady Gaga,Bloody Mary - Dancin In Circle - Paparazzi - Angel Down - Joanne (ACT V),sorrow
1217,Eminem,I Remember (Dedication to Whitey Ford/Everlast Diss),sorrow
1218,James Arthur,Train Wreck,sorrow
1219,Post Malone,Patient,sorrow
1220,Lady Gaga,Million Reasons (KVR Remix),sorrow
1221,Lady Gaga,New York (Demo),sorrow
1222,Maroon 5,Payphone (No Rap Edit),sorrow
1223,Ariana Grande,Boyfriend Material,sorrow
1224,Lady Gaga,Before I Cry,sorrow
1225,Maroon 5,Must Get Out,sorrow
1226,Lady Gaga,November,sorrow
1227,Eminem,Everything,sorrow
1228,Eminem,Marshall Mathers (Snippet),sorrow
1229,Nicki Minaj,The Crying Game,sorrow
1230,Ariana Grande,Lovin‚Äô It,sorrow
1231,Ariana Grande,Unreleased Songs [Discography List],sorrow
1232,Beyonc√É¬©,Creole,sorrow
1233,Justin Bieber,Break From Love,sorrow
1234,Ariana Grande,‚Äãthe light is coming,sorrow
1235,Taylor Swift,Sad Beautiful Tragic,sorrow
1236,Coldplay,Sparks,sorrow
1237,Ariana Grande,‚Äãbad idea,sorrow
1238,Taylor Swift,The Moment I Knew,sorrow
1239,Billie Eilish,TV,sorrow
1240,Eminem,Demon Inside,sorrow
1241,Taylor Swift,In The Pouring Rain,sorrow
1242,Eminem,D√©j√† Vu,sorrow
1243,Cardi B,Be Careful,sorrow
1244,Post Malone,"Yours Truly, Austin Post",sorrow
1245,Lady Gaga,Wish You Were Here,sorrow
1246,Ariana Grande,Female (Dangerous Woman Tour Visual),sorrow
1247,Noah Cyrus,Lonely,sorrow
1248,Ariana Grande,‚Äãjada,sorrow
1249,Post Malone,I Fall Apart (SLANDER Remix),sorrow
1250,Ariana Grande,Not Afraid of Love,sorrow
1251,Ariana Grande,True Love,sorrow
1252,Taylor Swift,Teardrops on My Guitar,sorrow
1253,Eminem,3 a.m.,sorrow
1254,Justin Bieber,At Least For Now,sorrow
1255,Taylor Swift,Haunted (Live/2011),sorrow
1256,Taylor Swift,Dear John (Live/2011),sorrow
1257,Ariana Grande,breathin,sorrow
1258,Taylor Swift,Need You Now,sorrow
1259,Post Malone,Nothing Else Matters,sorrow
1260,Post Malone,A Thousand Bad Times,sorrow
1261,Adele,Easy On Me,sorrow
1262,Taylor Swift,By The Way,sorrow
1263,Nicki Minaj,Out of my face,sorrow
1264,Post Malone,Up There,sorrow
1265,Ariana Grande,‚Äãonly 1 (live),sorrow
1266,Eminem,Cleanin‚Äô Out My Closet,sorrow
1267,Taylor Swift,This Is Really Happening,sorrow
1268,Taylor Swift,Come Back... Be Here,sorrow
1269,Maroon 5,If I Ain‚Äôt Got You (live),sorrow
1270,Selena Gomez,De Una Vez,sorrow
1271,Selena Gomez,Give You Up,sorrow
1272,Ariana Grande,Last Christmas,sorrow
1273,Eminem,Farewell,sorrow
1274,Eminem,Anger Management (Turkish Translation),sorrow
1275,Eminem,Never 2 Far,sorrow
1276,Eminem,Backstabber,sorrow
1277,Taylor Swift,Afterglow,sorrow
1278,Post Malone,Jonestown (Interlude),sorrow
1279,Justin Bieber,Wish You Would (Solo Version),sorrow
1280,Post Malone,Myself,sorrow
1281,Eminem,The Way I Am,sorrow
1282,Justin Bieber,Changes,sorrow
1283,Post Malone,Wake Me Up,sorrow
1284,Eminem,Oh No,sorrow
1285,Ariana Grande,‚Äãbreak your heart right back (live),sorrow
1286,Justin Bieber,Don‚Äôt Say Goodbye,sorrow
1287,Sarah Cothran,As the World Caves In,sorrow
1288,Ariana Grande,Break Free,sorrow
1289,Selena Gomez,People You Know,sorrow
1290,Taylor Swift,You All Over Me,sorrow
1291,Justin Bieber,Thick Or Thin,sorrow
1292,Taylor Swift,cardigan,sorrow
1293,Nicki Minaj,Dead Wrong,sorrow
1294,Lady Gaga,Onion Girl,sorrow
1295,Billie Eilish,‚Äåwatch (Live),sorrow
1296,Selena Gomez,Camouflage,sorrow
1297,Ariana Grande,She Got Her Own (Demo Edit),sorrow
1298,Nicki Minaj,Buy a Heart,sorrow
1299,Justin Bieber,Better,sorrow
1300,Eminem,Maxine,sorrow
1301,Selena Gomez,Ring,sorrow
1302,Justin Bieber,Guarded*,sorrow
1303,Selena Gomez,Vulnerable,sorrow
1304,Lady Gaga,Drivin' In Circles (Demo),sorrow
1305,Taylor Swift,Why She Disappeared [Poem],sorrow
1306,Freya Ridings,Face in the Crowd,sorrow
1307,Taylor Swift,Perfect Have I Loved,sorrow
1308,Eminem,Bad Guy,sorrow
1309,Lady Gaga,Fooled Me Again (Honest Eyes),sorrow
1310,Taylor Swift,Christmases When You Were Mine,sorrow
1311,Eminem,Can I Bitch,sorrow
1312,Maroon 5,My Heart Is Open,sorrow
1313,Lady Gaga,Earthquake (Then You'd Love Me),sorrow
1314,Maroon 5,Must Get Out (Demo),sorrow
1315,Selena Gomez,Running Back To Me,sorrow
1316,Billie Eilish,‚Äãwatch (Xie Remix),sorrow
1317,Selena Gomez,Wolves,sorrow
1318,Eminem,If I Had...,sorrow
1319,Bradley Marshall,Hurts The Most,sorrow
1320,Harry Styles,Falling,sorrow
1321,Selena Gomez,Love Will Remember (Demo),sorrow
1322,Maroon 5,The air i breathe,sorrow
1323,Justin Bieber,Many Men*,sorrow
1324,Taylor Swift,Cold as You,sorrow
1325,Post Malone,Kurt Cobain,sorrow
1326,Post Malone,"Hollywood, Bleeding",sorrow
1327,Post Malone,Come As You Are,sorrow
1328,Maddie Zahm,Fat Funny Friend (sadder),sorrow
1329,Nicki Minaj,So Special,sorrow
1330,Maroon 5,Sweetest Goodbye,sorrow
1331,Eminem,The Kids (Unreleased Demo),sorrow
1332,Ariana Grande,Too Close,sorrow
1333,Ariana Grande,Untitled*,sorrow
1334,Ariana Grande,‚Äãin my head interlude (live),sorrow
1335,Justin Bieber,Heartbreaker,sorrow
1336,Ariana Grande,Love Boy,sorrow
1337,Lady Gaga,Million Reasons,sorrow
1338,Cardi B,Pull Up,sorrow
1339,Taylor Swift,Forever & Always,sorrow
1340,Maroon 5,Chilly Winter (Demo),sorrow
1341,Eminem,Insult to Injury,sorrow
1342,Eminem,Rock Bottom,sorrow
1343,Maroon 5,Not Coming Home,sorrow
1344,Eminem,Zeus,sorrow
1345,Eminem,"Low Down, Dirty",sorrow
1346,Taylor Swift,The Outside,sorrow
1347,Anson Seabra,Trying My Best,sorrow
1348,Justin Bieber,Memphis,sorrow
1349,Post Malone,Over Now,sorrow
1350,Ariana Grande,‚Äãpov,sorrow
1351,Ariana Grande,Problem (Dawin Remix),sorrow
1352,Taylor Swift,Making Up for Lost Love,sorrow
1353,Lady Gaga,Words,sorrow
1354,Justin Bieber,Wish You Would,sorrow
1355,Maroon 5,Tangled,sorrow
1356,Lady Gaga,Your Freakin' Car (Demo),sorrow
1357,Conan Gray,Heather,sorrow
1358,Taylor Swift,my tears ricochet,sorrow
1359,Ariana Grande,Rollercoaster,sorrow
1360,Nicki Minaj,Misinformation,sorrow
1361,Ariana Grande,‚Äãright there (live),sorrow
1362,Justin Bieber,Hurry Up And Wait,sorrow
1363,Ariana Grande,Better Days - Live from One Love Manchester,sorrow
1364,Eminem,Groundhog Day,sorrow
1365,Maroon 5,Maps,sorrow
1366,Nicki Minaj,Come See About Me,sorrow
1367,Post Malone,School,sorrow
1368,Justin Bieber,Fall (Acoustic) [Live],sorrow
1369,Taylor Swift,I Almost Do,sorrow
1370,Justin Bieber,Hard 2 Face Reality,sorrow
1371,Ariana Grande,Right There (7th Heaven Radio Mix),sorrow
1372,Justin Bieber,Start Again,sorrow
1373,Cat Burns,go,sorrow
1374,d4vd,Romantic Homicide,sorrow
1375,Ruth B.,Dandelions,sorrow
1376,Post Malone,No Option,sorrow
1377,Justin Bieber,Emotional,sorrow
1378,Ariana Grande,I Don‚Äôt Care,sorrow
1379,Lady Gaga,1000 Doves,sorrow
1380,Ariana Grande,How I Look on You,sorrow
1381,Justin Bieber,Flatline,sorrow
1382,Post Malone,Why Don't You Love Me,sorrow
1383,Maroon 5,Payphone,sorrow
1384,charli d'amelio,if you ask me to,sorrow
1385,Ariana Grande,Intro,sorrow
1386,Justin Bieber,Superficial*,sorrow
1387,Post Malone,Lithium,sorrow
1388,Jess Benko,A Soulmate Who Wasn‚Äôt Meant to Be,sorrow
1389,Lady Gaga,Devastated,sorrow
1390,Taylor Swift,What Do You Say,sorrow
1391,Justin Bieber,All Bad,sorrow
1392,Post Malone,My Friends,sorrow
1393,Taylor Swift,Haunted,sorrow
1394,Beyonc√É¬©,Deja Vu (Beyonc√É¬© Experience Live),sorrow
1395,Taylor Swift,The Archer (Live from Paris),sorrow
1396,Post Malone,Feel,sorrow
1397,Taylor Swift,Death by a Thousand Cuts,sorrow
1398,Taylor Swift,tis the damn season,sorrow
1399,Beyonc√É¬©,Listen,sorrow
1400,Ariana Grande,Somewhere Over the Rainbow (Live From Manchester),sorrow
1401,Taylor Swift,the 1,sorrow
1402,Maroon 5,Not Coming Home (Demo),sorrow
1403,Lady Gaga,Ev'ry Time We Say Goodbye,sorrow
1404,Taylor Swift,Love To Lose,sorrow
1405,Eminem,Darkness,sorrow
1406,Selena Gomez,24-Jul,sorrow
1407,Eminem,Marshall Mathers,sorrow
1408,Nicki Minaj,Bring Me Down,sorrow
1409,Harry Styles,Matilda,sorrow
1410,Lady Gaga,No Way,sorrow
1411,Ariana Grande,‚Äãborderline,sorrow
1412,Taylor Swift,The Story of Us,sorrow
1413,Lauren Spencer Smith,Best Friend Breakup,sorrow
1414,Nicki Minaj,Mons√©*,sorrow
1415,Ariana Grande,Piano (Early Version),sorrow
1416,Justin Bieber,Overrated,sorrow
1417,Ashley Singh,Keep Me - Acoustic,sorrow
1418,Omar Apollo,Evergreen (You Didn‚Äôt Deserve Me At All),sorrow
1419,Eminem,Cocaine,sorrow
1420,Taylor Swift,Fall Back On You,sorrow
1421,Justin Bieber,That Should Be Me (Remix),sorrow
1422,Taylor Swift,All You Had to Do Was Stay,sorrow
1423,Post Malone,I Fall Apart,sorrow
1424,Ariana Grande,Right here,sorrow
1425,Ariana Grande,The Way (Spanglish Version),sorrow
1426,Taylor Swift,Your Face,sorrow
1427,Haley Joelle,Two Places at Once,sorrow
1428,Maroon 5,Sad,sorrow
1429,Ariana Grande,Love Me Harder (Gregor Salto Amsterdam Mix),sorrow
1430,Nicki Minaj,Ganja Burn,sorrow
1431,Taylor Swift,Back to December / Apologize / You're Not Sorry (Live/2011),sorrow
1432,Eminem,Stepdad,sorrow
1433,Eminem,Letter to Tupac‚Äôs Mother,sorrow
1434,Eminem,Remind Me (Intro),sorrow
1435,Lady Gaga,Angel Down (Work Tape),sorrow
1436,Post Malone,Oh God,sorrow
1437,Eminem,Guts Over Fear,sorrow
1438,Ariana Grande,God is a woman,sorrow
1439,Taylor Swift,cardigan (the long pond studio sessions),sorrow
1440,Benson Boone,GHOST TOWN,sorrow
1441,Beyonc√É¬©,Slow Love,sorrow
1442,Lady Gaga,911,sorrow
1443,Taylor Swift,Stupid Boy,sorrow
1444,Eminem,Guilty Conscience (A Cappella),sorrow
1445,Selena Gomez,Disappear,sorrow
1446,Ariana Grande,‚Äãneedy,sorrow
1447,Eminem,Going Through Changes,sorrow
1448,Nicki Minaj,You Won't See Me Cry,sorrow
1449,Beyonc√É¬©,Partition (Homecoming Live),sorrow
1450,Taylor Swift,Death by a Thousand Cuts (Live from Paris),sorrow
1451,Taylor Swift,Breathe,sorrow
1452,Ariana Grande,All i want,sorrow
1453,Taylor Swift,The Other Side of the Door,sorrow
1454,Nicki Minaj,Can Anybody Hear Me,sorrow
1455,Nicki Minaj,High School,sorrow
1456,Post Malone,Too Much,sorrow
1457,Phoebe Bridgers,Scott Street,sorrow
1458,Taylor Swift,august,sorrow
1459,P!nk,When I Get There,sorrow
1460,Nicki Minaj,Regret In Your Tears,sorrow
1461,Taylor Swift,Dear John,sorrow
1462,Taylor Swift,You're Not Sorry,sorrow
1463,Justin Bieber,Omaha Mall,sorrow
1464,Lady Gaga,Joanne (Where Do You Think You're Goin'?) [Piano Version],sorrow
1465,Justin Bieber,Mark My Words,sorrow
1466,Post Malone,Never Understand,sorrow
1467,Ariana Grande,Breathin (SG Lewis Remix),sorrow
1468,Taylor Swift,Tied Together with a Smile,sorrow
1469,Beyonc√É¬©,Bonnie And Clyde Medley (The Beyonce Experience Live),sorrow
1470,Maroon 5,Losing My Mind,sorrow
1471,Eminem,"Low, Down, Dirty (Unmastered Sequence version)",sorrow
1472,Taylor Swift,the 1 (the long pond studio sessions),sorrow
1473,Jamie Miller,I Lost Myself In Loving You,sorrow
1474,Justin Bieber,Take It Out On Me,sorrow
1475,Zeph,could you love me while i hate myself,sorrow
1476,Post Malone,Big Lie,sorrow
1477,Lewis Capaldi,Wish You The Best,sorrow
1478,Nicki Minaj,Tragedy,sorrow
1479,Taylor Swift,exile (the long pond studio sessions),sorrow
1480,Justin Bieber,How To Love (Remix),sorrow
1481,Taylor Swift,Back to December,sorrow
1482,Lady Gaga,I'll Never Love Again (Film Version),sorrow
1483,Eminem,The Kids (Demo),sorrow
1484,Nicki Minaj,Sorry,sorrow
1485,Jessie Murph,How Could You,sorrow
1486,Nicki Minaj,Autobiography,sorrow
1487,Post Malone,Drain You,sorrow
1488,Maroon 5,Sweetest Goodbye (live),sorrow
1489,Justin Bieber,Double Negative*,sorrow
1490,Ariana Grande,"Oh, Darling",sorrow
1491,Post Malone,Circles,sorrow
1492,Ariana Grande,Step on Up,sorrow
1493,Eminem,Nowhere Fast,sorrow
1494,Ariana Grande,Positions (Clean),sorrow
1495,Justin Bieber,Nothing Like Us,sorrow
1496,Justin Bieber,E.T.A.,romance
1497,Ariana Grande,‚Äãsweetener (live),romance
1498,Beyonc√É¬©,Get Me Bodied (Beyonc√É¬© Experience Live),romance
1499,Beyonc√É¬©,Partition Remix (Unreleased),romance
1500,Beyonc√É¬©,Run the World (Girls) (Dave Aud√É¬© Club Remix),romance
1501,Billie Eilish,‚Äã‚Äãocean eyes,romance
1502,Beyonc√É¬©,All I Could Do Was Cry,romance
1503,Taylor Swift,I'd Lie,romance
1504,Taylor Swift,Love Story,romance
1505,Billie Eilish,Something (The Beatles Cover),romance
1506,Charles Aznavour,How Sad Venice Can Be,romance
1507,Eminem,She Loves Me,romance
1508,Beyonc√É¬©,Standing On The Sun,romance
1509,Justin Bieber,Hey Girl (Unreleased),romance
1510,Billie Eilish,WHEN I WAS OLDER,romance
1511,Billie Eilish,Bad guy (Topic Remix),romance
1512,Taylor Swift,You Are in Love,romance
1513,Beyonc√É¬©,Haunted,romance
1514,Beyonc√É¬©,Green Light,romance
1515,Beyonc√É¬©,Letter To Michelle Obama,romance
1516,Beyonc√É¬©,Speechless (Beyonc√É¬© Experience Live),romance
1517,Lady Gaga,You and I - Wild Beasts Remix,romance
1518,Beyonc√É¬©,Ego (Twinsmatic Remix),romance
1519,Beyonc√É¬©,Freedom (Homecoming Live),romance
1520,Robbie Williams,Angels,romance
1521,Ed Sheeran,Thinking out Loud,romance
1522,Toni Braxton,Un-Break My Heart,romance
1523,Beyonc√É¬©,Upgrade U (Beyonc√É¬© Experience Live),romance
1524,Beyonc√É¬©,Intro,romance
1525,Taylor Swift,Enchanted,romance
1526,Ariana Grande,‚ÄãreMeMber,romance
1527,Ariana Grande,"‚Äãbreak up with your girlfriend, i‚Äôm bored (live)",romance
1528,Justin Bieber,Take You,romance
1529,Beyonc√É¬©,Halo (Dave Aud√É¬© Club Remix),romance
1530,Ariana Grande,‚Äãshut up,romance
1531,Ariana Grande,‚Äãgoodnight n go,romance
1532,Beyonc√É¬©,The Formation World Tour,romance
1533,Cardi B,Booty*,romance
1534,Ariana Grande,Honeymoon Avenue,romance
1535,Justin Bieber,All I Want Is You,romance
1536,Beyonc√É¬©,Roc,romance
1537,Ariana Grande,‚Äãeverytime,romance
1538,Billie Eilish,Secret,romance
1539,Beyonc√É¬©,Sandcastles,romance
1540,Beyonc√É¬©,Daddy Lessons (Remix),romance
1541,Ariana Grande,‚Äãsuccessful (live),romance
1542,Taylor Swift,Ain't Nothing 'Bout You,romance
1543,Maroon 5,Closer (Live),romance
1544,Selena Gomez,Perfect,romance
1545,Beyonc√É¬©,A Woman Like Me,romance
1546,Beyonc√É¬©,I√¢¬Ä¬ôm Alone Now,romance
1547,Billie Eilish,‚Äãcall me back,romance
1548,Billie Eilish,Cant Help Falling In Love,romance
1549,Justin Bieber,One Less Lonely Girl (French Vocal),romance
1550,Beyonc√É¬©,Baby Boy [Junior√¢¬Ä¬ôs World Mixshow],romance
1551,Ariana Grande,Love,romance
1552,Beyonc√É¬©,Mi Gente [Homecoming Live],romance
1553,Taylor Swift,Look At You Like That*,romance
1554,Ariana Grande,‚Äãbetter off,romance
1555,Billie Eilish,Six Feet Under (BLU J Remix),romance
1556,Justin Bieber,Holy (Acoustic),romance
1557,Selena Gomez,Kinda Crazy,romance
1558,Billie Eilish,Bored,romance
1559,Eminem,Listen To Your Heart,romance
1560,Ariana Grande,Hope Is The Song,romance
1561,Beyonc√É¬©,Cali Girl Dreams,romance
1562,Beyonc√É¬©,Sorry (Homecoming Live),romance
1563,Dusty Springfield,If You Go Away,romance
1564,Eminem,Hailie‚Äôs Song,romance
1565,Beyonc√É¬©,Fingertips/Master Blaster (Jammin√¢¬Ä¬ô)/Higher Ground [Live at the √¢¬Ä¬ùStevie Wonder Tribute √¢¬Ä¬ôSongs In The Key of Life√¢¬Ä¬ù],romance
1566,Billie Eilish,‚Äã‚Äãparty favor,romance
1567,Nicki Minaj,Your Love,romance
1568,Ariana Grande,‚Äãnasty,romance
1569,Ariana Grande,34+35 (DJ Siembab Remix),romance
1570,Cardi B,Up,romance
1571,Beyonc√É¬©,Forward,romance
1572,Beyonc√É¬©,Start Over,romance
1573,Ariana Grande,‚Äãblazed,romance
1574,Beyonc√É¬©,Black Culture,romance
1575,Justin Bieber,All That Matters,romance
1576,Beyonc√É¬©,Beautiful Liar (Beyonc√É¬© Experience Live),romance
1577,Justin Bieber,Looking For You,romance
1578,Ariana Grande,7 rings (live)‚Äã,romance
1579,Beyonc√É¬©,Work It Out,romance
1580,Lady Gaga,Second Time Around,romance
1581,Beyonc√É¬©,Partition,romance
1582,Ellie Goulding,How Long Will I Love You,romance
1583,Taylor Swift,Delicate (Seeb Remix),romance
1584,Taylor Swift,Teardrops On My Guitar (Cahill Radio Edit),romance
1585,Enrique Iglesias,Hero,romance
1586,Lara Fabian,Love by Grace,romance
1587,Billie Eilish,‚Äãbury a friend (Elijah Hill Remix),romance
1588,Justin Bieber,Come Around Me,romance
1589,Beyonc√É¬©,Summertime,romance
1590,Ariana Grande,Break Free (Avicii Remix),romance
1591,Beyonc√É¬©,BLACK PARADE (Extended),romance
1592,Selena Gomez,Perfect (Unreleased),romance
1593,Billie Eilish,Watch (Cole Jackson Remix),romance
1594,Beyonc√É¬©,If Looks Could Kill (You Would Be Dead),romance
1595,Ronan Keating,When You Say Nothing At All,romance
1596,Maroon 5,This Love (Cut Copy Galactic Beach House Mix),romance
1597,Beyonc√É¬©,Everything I Do,romance
1598,Beyonc√É¬©,"Me, Myself & I (Remix)",romance
1599,Beyonc√É¬©,Irreplaceable (Beyonc√É¬© Experience Live),romance
1600,Maroon 5,If I Fell,romance
1601,Billie Eilish,‚Äåocean eyes (Live),romance
1602,Ariana Grande,Pink Champagne,romance
1603,Cardi B,Thru Your Phone,romance
1604,Lady Gaga,Electric Kiss,romance
1605,Beyonc√É¬©,Settle 4 U,romance
1606,Beyonc√É¬©,Hello (Live),romance
1607,Beyonc√É¬©,Time To Come Home,romance
1608,Billie Eilish,Hostage (sonn Remix),romance
1609,Beyonc√É¬©,Hard To Say Goodbye,romance
1610,Cardi B,I Gotta Hurt You,romance
1611,Beyonc√É¬©,Intro - Live,romance
1612,Ariana Grande,The Way It Is,romance
1613,Beyonc√É¬©,Hello,romance
1614,Justin Bieber,Get Me,romance
1615,Eminem,So Bad,romance
1616,Beyonc√É¬©,Sweet Dreams,romance
1617,Lady Gaga,Shallow (Joe Biden Election Night Rally 2020),romance
1618,Beyonc√É¬©,Anger,romance
1619,Eminem,Beautiful (Radio Edit),romance
1620,Beyonc√É¬©,Amor Gitano,romance
1621,Beyonc√É¬©,Listen (Live),romance
1622,Ariana Grande,One Last Time (Gazzo Remix),romance
1623,Beyonc√É¬©,Lost Yo Mind,romance
1624,Beyonc√É¬©,Baby Boy (Live),romance
1625,Beyonc√É¬©,Smash Into You (Lost Daze Remix),romance
1626,Justin Bieber,Forever,romance
1627,Beyonc√É¬©,Blue,romance
1628,Billie Eilish,‚ÄãsHE‚Äôs brOKen,romance
1629,Ariana Grande,‚Äãmake up,romance
1630,Adele,Make You Feel My Love,romance
1631,Beyonc√É¬©,Dangerously In Love 2,romance
1632,Justin Bieber,I Wanna Be,romance
1633,Billie Eilish,The Hill,romance
1634,Ariana Grande,Baby I (a-Director‚Äôs Cut Radio Edit),romance
1635,Maroon 5,This Love (Junior Sirius edit),romance
1636,"Lady Gaga, Bradley Cooper",I'll Never Love Again,romance
1637,Lady Gaga,Always Remember Us This Way,romance
1638,Eminem,River,romance
1639,Taylor Swift,Dress,romance
1640,Beyonc√É¬©,Green Light (HBA Remix),romance
1641,Beyonc√É¬©,Sweet Dreams (OK DAC Remix),romance
1642,Lady Gaga,Brown Eyes,romance
1643,Beyonc√É¬©,Baby Boy (Alternative Version),romance
1644,Beyonc√É¬©,Sweet Dreams (Dave Spoon Remix),romance
1645,Ariana Grande,Piano,romance
1646,Ariana Grande,‚Äãyou,romance
1647,Beyonc√É¬©,Drunk in Love,romance
1648,Michael Bubl√©,You Don't Know Me,romance
1649,Taylor Swift,Lover (Remix),romance
1650,Eminem,Everything I Do,romance
1651,Justin Bieber,I Would,romance
1652,Justin Bieber,Reckless Love (HXLY KXSS Edit),romance
1653,Justin Bieber,Faithful,romance
1654,Ariana Grande,‚Äãhopeless romantic*,romance
1655,Ariana Grande,Jason‚Äôs Song (Gave It Away),romance
1656,Beyonc√É¬©,7/11 (Homecoming Live),romance
1657,Eminem,Old Time‚Äôs Sake,romance
1658,Beyonc√É¬©,Rather Die Young,romance
1659,Taylor Swift,Love Story (Digital Dog Remix),romance
1660,Billie Eilish,‚Äãwhen the party‚Äôs over (SAYA Remix),romance
1661,Ariana Grande,no tears left to cry,romance
1662,Eminem,Favorite Bitch,romance
1663,Beyonc√É¬©,Check On It (Live),romance
1664,Justin Bieber,Boyfriend (Remix),romance
1665,Lady Gaga,Charlotte Nights,romance
1666,Kelly Clarkson,Because of You,romance
1667,Beyonc√É¬©,Countdown (Homecoming Live),romance
1668,Beyonc√É¬©,Suga Mama,romance
1669,Taylor Swift,I Want You Back (Live/2011),romance
1670,Ariana Grande,Them Changes (BBC Radio 1 Live Lounge),romance
1671,Beyonc√É¬©,"Me, Myself and I",romance
1672,Beyonc√É¬©,Blow (Country Club Martini Crew Remix Edit),romance
1673,Lady Gaga,Stuck on Fuckin' You,romance
1674,Eminem,Cum on Everybody,romance
1675,Katie Melua,I Cried For You,romance
1676,Ariana Grande,One Last Time (Fedez Remix),romance
1677,Beyonc√É¬©,The Closer I Get to You,romance
1678,Lady Gaga,Fashion of His Love,romance
1679,Lady Gaga,In Like With You,romance
1680,Cardi B,What A Girl Likes,romance
1681,Ariana Grande,Intro (C&C),romance
1682,Beyonc√É¬©,Hip Hop Star,romance
1683,Taylor Swift,Lover (Piano/Vocal),romance
1684,Beyonc√É¬©,Single Ladies (Put a Ring on It) [Homecoming Live],romance
1685,Billie Eilish,Ocean Eyes (Young Bombs Remix),romance
1686,Mariah Carey,Without You,romance
1687,Taylor Swift,You Belong with Me,romance
1688,Ariana Grande,Quit (Demo),romance
1689,Taylor Swift,King of My Heart,romance
1690,Beyonc√É¬©,Ring The Alarm (Tranzformas Remix),romance
1691,Justin Bieber,Die in Your Arms,romance
1692,Beyonc√É¬©,Dance for You,romance
1693,Beyonc√É¬©,Sexy Lil√¢¬Ä¬ô Thug (Remix),romance
1694,Beyonc√É¬©,Green Light Medley (The Beyonce Experience Live),romance
1695,Justin Bieber,Can‚Äôt Live Without You,romance
1696,Ariana Grande,Problem (Dave Aude Twerk Edit),romance
1697,Ariana Grande,Ain‚Äôt About What You Got,romance
1698,Beyonc√É¬©,Outro,romance
1699,Michael Bubl√©,When I Fall in Love,romance
1700,Ariana Grande,‚Äãlove language,romance
1701,Billie Eilish,‚Äåbellyache (Live),romance
1702,Billie Eilish,‚Äãbury a friend (Live at Third Man Records),romance
1703,Beyonc√É¬©,Krazy In Luv [Maurice√¢¬Ä¬ôs Nu Soul Remix],romance
1704,Eminem,Love the Way You Lie,romance
1705,Ariana Grande,Into You (3LAU Remix),romance
1706,Billie Eilish,Six Feet Under,romance
1707,Beyonc√É¬©,Drunk in Love (Remix),romance
1708,Billie Eilish,‚Äãxanny,romance
1709,Beyonc√É¬©,Statement on Jay Z and Solange fight,romance
1710,Ariana Grande,Rolling in the Deep,romance
1711,Taylor Swift,Love Story - 2020 Re-recording (Snippet),romance
1712,Selena Gomez,Hands to Myself,romance
1713,Beyonc√É¬©,Irreplaceable (Live),romance
1714,Justin Bieber,Forever (2020 Demo),romance
1715,Taylor Swift,Love Story (Pop Mix),romance
1716,Beyonc√É¬©,Dreamgirls Medley (The Beyonce Experience Live),romance
1717,Maroon 5,This Love (C. ‚ÄúTricky‚Äù Stewart Remix),romance
1718,Beyonc√É¬©,Naughty Girl [Calderone Quayle Club Mix],romance
1719,Taylor Swift,Enchanted (Live/2011),romance
1720,Taylor Swift,This Love,romance
1721,Lady Gaga,Blueberry Kisses,romance
1722,Beyonc√É¬©,Best Thing I Never Had (Lars B Remix),romance
1723,Taylor Swift,Thinkin' 'Bout You,romance
1724,Billie Eilish,Bury a friend[Harel Atias remix],romance
1725,Beyonc√É¬©,Party,romance
1726,Billie Eilish,‚Äãguess*,romance
1727,Beyonc√É¬©,Darling Nicki (Minaj),romance
1728,Justin Bieber,Thought of You,romance
1729,Beyonc√É¬©,Say My Name (Live),romance
1730,Patrizio Buanne,Il Mondo,romance
1731,Billie Eilish,Bored (Yamill Remix),romance
1732,Post Malone,About a Girl,romance
1733,Lara Fabian,You're Not From Here,romance
1734,Eva Cassidy,Songbird,romance
1735,Beyonc√É¬©,Daddy Lessons,romance
1736,Billie Eilish,Paparazzi Instagram Monologue,romance
1737,Beyonc√É¬©,Video Phone (Extended Remix),romance
1738,Beyonc√É¬©,D√É¬©j√É¬† Vu (Freemasons Radio - with Rap),romance
1739,Selena Gomez,Feel Me (Live from Revival Tour),romance
1740,Billie Eilish,‚Äãwatch,romance
1741,Barbra Streisand,Somewhere,romance
1742,Billie Eilish,‚Äãidontwannabeyouanymore (Live at Third Man Records),romance
1743,Carla Bruni,The Winner Takes It All,romance
1744,Beyonc√É¬©,Single Ladies (Put a Ring On It) [DJ Escape & Tony Coluccio Remix] {Club Version},romance
1745,Justin Bieber,New One,romance
1746,Beyonc√É¬©,My Man,romance
1747,Billie Eilish,Telegraph Ave,romance
1748,Taylor Swift,Hopelessly Devoted To You,romance
1749,Ariana Grande,Baby I,romance
1750,Beyonc√É¬©,Check On It [Junior Vasquez Club Mix],romance
1751,Eminem,Love Game,romance
1752,Simply Red,A Song For You,romance
1753,Lady Gaga,Fashion of His Love (Fernando Garibay Remix),romance
1754,Beyonc√É¬©,Fighting Temptation,romance
1755,Beyonc√É¬©,Lemonade Film (Script),romance
1756,Selena Gomez,Feel Me (Demo),romance
1757,Billie Eilish,COPYCAT[itsyo_boiiii remix],romance
1758,Beyonc√É¬©,Get Me Bodied,romance
1759,Maroon 5,Secret (Demo),romance
1760,Taylor Swift,Lover,romance
1761,Ariana Grande,imagine,romance
1762,Taylor Swift,Can't Stop Loving You (Live Lounge),romance
1763,Ariana Grande,Into You / Dangerous Woman Medley,romance
1764,Justin Bieber,Oh Girl,romance
1765,Billie Eilish,Hotline Bling (Flyboy Remix),romance
1766,Billie Eilish,‚Äãbecause i‚Äôm in love with you*,romance
1767,Taylor Swift,Sparks Fly (Original Version),romance
1768,Billie Eilish,‚Äãidontwannabeyouanymore (Elijah Hill Remix),romance
1769,Ariana Grande,Sweetener World Tour Dates,romance
1770,Selena Gomez,Let Me Love You (Demo),romance
1771,Eminem,Crazy in Love,romance
1772,Beyonc√É¬©,So Much Damn Swag (Interlude) [Homecoming Live],romance
1773,Beyonc√É¬©,Sweet Dreams (Live at Wynn Las Vegas),romance
1774,Billie Eilish,‚Äãif you want me,romance
1775,Cardi B,11/18/19 Freestyle,romance
1776,Justin Bieber,Favorite Girl (Acoustic) [Live],romance
1777,Beyonc√É¬©,B&J,romance
1778,Beyonc√É¬©,Get Me Bodied (Live),romance
1779,Ariana Grande,Knew Better / Forever Boy,romance
1780,Beyonc√É¬©,Love on Top (DJ Escape & Tony Coluccio Remix),romance
1781,Ariana Grande,Knew Better Part Two,romance
1782,Maroon 5,Woman (Demo),romance
1783,Cardi B,Lick,romance
1784,Ariana Grande,‚Äãr.e.m (live),romance
1785,Billie Eilish,‚Äãhostage,romance
1786,Maroon 5,She Will Be Loved,romance
1787,Beyonc√É¬©,End of Time (JIMEK Remix),romance
1788,Ariana Grande,Better Left Unsaid,romance
1789,Taylor Swift,Teardrops on my Guitar (Live from Clear Channel Stripped 2008),romance
1790,Beyonc√É¬©,Outro (Speak My Mind),romance
1791,Lady Gaga,We Could Be Lovers,romance
1792,Lady Gaga,You and I - Metronomy Remix,romance
1793,Ruth B.,Paper Airplanes,romance
1794,Beyonc√É¬©,What√¢¬Ä¬ôs Good With You,romance
1795,Beyonc√É¬©,Beyonc√É¬© VMA√¢¬Ä¬ôs 2014,romance
1796,Taylor Swift,Ours (Live/2011),romance
1797,Beyonc√É¬©,Crazy In Love (The Beyonce Experience Live),romance
1798,Beyonc√É¬©,The Spot (Jail),romance
1799,Justin Bieber,Boyfriend (Acoustic),romance
1800,Seal,Kiss from a Rose,romance
1801,Beyonc√É¬©,Rocket,romance
1802,Billie Eilish,COPYCAT[live in London],romance
1803,Ronan Keating,If Tomorrow Never Comes,romance
1804,Melody Gardot,Once I Was Loved,romance
1805,Maroon 5,Kiss,romance
1806,Ariana Grande,Miss Me*,romance
1807,Beyonc√É¬©,Love Me...,romance
1808,Ariana Grande,Nobody Does It Better,romance
1809,Beyonc√É¬©,Diva (Karmatronic Club Remix),romance
1810,Billie Eilish,‚Äã‚Äãmy boy (TroyBoi Remix),romance
1811,Eminem,Superman,romance
1812,Melody Gardot,If Ever I Recall Your Face,romance
1813,Eminem,I Kissed a Boy,romance
1814,Beyonc√É¬©,MY POWER,romance
1815,Justin Bieber,One Love,romance
1816,Beyonc√É¬©,BIGGER,romance
1817,Billie Eilish,Fingers Crossed,romance
1818,Justin Bieber,Favorite Girl,romance
1819,Whitney Houston,Greatest Love of All,romance
1820,Ariana Grande,34+35 (Remix),romance
1821,Ariana Grande,Problem (No Rap Version),romance
1822,Leonard Cohen,Suzanne,romance
1823,Eminem,The Apple,romance
1824,Ariana Grande,In My Head (Music Video Version),romance
1825,Cardi B,Lit Thot,romance
1826,Maroon 5,Never Gonna Leave This Bed (Acoustic),romance
1827,Beyonc√É¬©,Free Fall,romance
1828,Beyonc√É¬©,"Me, Myself and I (Beyonc√É¬© Experience Live)",romance
1829,Beyonc√É¬©,Bow Down (Homecoming Live),romance
1830,Billie Eilish,Hostage[killer frost remix],romance
1831,Lady Gaga,Always remember us this way Greek translation,romance
1832,Billie Eilish,You should see me in a crown[live from Ellen],romance
1833,Justin Bieber,Boyfriend,romance
1834,Ariana Grande,Vienna (cover song),romance
1835,Nicki Minaj,My Heart 2 You,romance
1836,Ariana Grande,Snow In California,romance
1837,Justin Bieber,Heroine (Let‚Äôs Stay Together),romance
1838,Post Malone,The One,romance
1839,Lady Gaga,"Bewitched, Bothered and Bewildered",romance
1840,Taylor Swift,Superman,romance
1841,Ariana Grande,Touch It (Final Fantasy Brave Exvius Remix),romance
1842,Justin Bieber,All I Want Is You (Acoustic),romance
1843,Selena Gomez,Can't Steal Our Love,romance
1844,Beyonc√É¬©,I Been On,romance
1845,Beyonc√É¬©,Back Up,romance
1846,Beyonc√É¬©,Drunk In Love (T.I. Remix),romance
1847,Billie Eilish,‚Äãbellyache (Marian Hill Remix),romance
1848,Ariana Grande,Sniffer Dogs,romance
1849,Beyonc√É¬©,I Was Here,romance
1850,Ariana Grande,Side To Side,romance
1851,Caro Emerald,A Night Like This,romance
1852,Justin Bieber,Take You (Acoustic),romance
1853,Beyonc√É¬©,If I Were a Boy,romance
1854,Robbie Williams,Eternity - Orchestral Version,romance
1855,Taylor Swift,Mine,romance
1856,Beyonc√É¬©,Baby Boy (Homecoming Live),romance
1857,Elvis Costello,She,romance
1858,Joe Cocker,You Are So Beautiful,romance
1859,Ariana Grande,positions,romance
1860,Beyonc√É¬©,Crazy In Love (Remix),romance
1861,Justin Bieber,PYD,romance
1862,Beyonc√É¬©,Hold Up,romance
1863,Patrizio Buanne,On An Evening In Roma,romance
1864,Ariana Grande,Venuss*,romance
1865,Ariana Grande,Problem (Wayne G Radio Edit),romance
1866,Selena Gomez,Wild Love,romance
1867,Eminem,Love You More,romance
1868,Cardi B,Bodak Yellow (Remix),romance
1869,Adele,Someone Like You,romance
